-- phpMyAdmin SQL Dump
-- version 4.9.0.1
-- https://www.phpmyadmin.net/
--
-- Host: 127.0.0.1
-- Generation Time: May 31, 2020 at 12:52 PM
-- Server version: 10.4.6-MariaDB
-- PHP Version: 7.3.9

SET SQL_MODE = "NO_AUTO_VALUE_ON_ZERO";
SET AUTOCOMMIT = 0;
START TRANSACTION;
SET time_zone = "+00:00";


/*!40101 SET @OLD_CHARACTER_SET_CLIENT=@@CHARACTER_SET_CLIENT */;
/*!40101 SET @OLD_CHARACTER_SET_RESULTS=@@CHARACTER_SET_RESULTS */;
/*!40101 SET @OLD_COLLATION_CONNECTION=@@COLLATION_CONNECTION */;
/*!40101 SET NAMES utf8mb4 */;

--
-- Database: `eapi`
--

-- --------------------------------------------------------

--
-- Table structure for table `failed_jobs`
--

CREATE TABLE `failed_jobs` (
  `id` bigint(20) UNSIGNED NOT NULL,
  `connection` text COLLATE utf8mb4_unicode_ci NOT NULL,
  `queue` text COLLATE utf8mb4_unicode_ci NOT NULL,
  `payload` longtext COLLATE utf8mb4_unicode_ci NOT NULL,
  `exception` longtext COLLATE utf8mb4_unicode_ci NOT NULL,
  `failed_at` timestamp NOT NULL DEFAULT current_timestamp()
) ENGINE=InnoDB DEFAULT CHARSET=utf8mb4 COLLATE=utf8mb4_unicode_ci;

-- --------------------------------------------------------

--
-- Table structure for table `migrations`
--

CREATE TABLE `migrations` (
  `id` int(10) UNSIGNED NOT NULL,
  `migration` varchar(255) COLLATE utf8mb4_unicode_ci NOT NULL,
  `batch` int(11) NOT NULL
) ENGINE=InnoDB DEFAULT CHARSET=utf8mb4 COLLATE=utf8mb4_unicode_ci;

--
-- Dumping data for table `migrations`
--

INSERT INTO `migrations` (`id`, `migration`, `batch`) VALUES
(1, '2014_10_12_000000_create_users_table', 1),
(2, '2019_08_19_000000_create_failed_jobs_table', 1),
(3, '2020_05_31_071631_create_products_table', 1),
(5, '2020_05_31_072807_create_reviews_table', 2);

-- --------------------------------------------------------

--
-- Table structure for table `products`
--

CREATE TABLE `products` (
  `id` bigint(20) UNSIGNED NOT NULL,
  `name` varchar(255) COLLATE utf8mb4_unicode_ci NOT NULL,
  `detail` text COLLATE utf8mb4_unicode_ci NOT NULL,
  `price` int(11) NOT NULL,
  `stock` int(11) NOT NULL,
  `discount` int(11) NOT NULL,
  `created_at` timestamp NULL DEFAULT NULL,
  `updated_at` timestamp NULL DEFAULT NULL
) ENGINE=InnoDB DEFAULT CHARSET=utf8mb4 COLLATE=utf8mb4_unicode_ci;

--
-- Dumping data for table `products`
--

INSERT INTO `products` (`id`, `name`, `detail`, `price`, `stock`, `discount`, `created_at`, `updated_at`) VALUES
(1, 'quidem', 'Eos consectetur possimus nobis rerum. Qui temporibus quod maiores. Laboriosam doloremque est recusandae facilis perferendis.', 110, 0, 24, '2020-05-31 04:45:40', '2020-05-31 04:45:40'),
(2, 'earum', 'Ea ipsum ex non. Unde commodi voluptates sequi. Voluptas labore pariatur quibusdam iusto aut cum.', 162, 0, 21, '2020-05-31 04:45:40', '2020-05-31 04:45:40'),
(3, 'autem', 'Alias perspiciatis laborum eum sed. Quia possimus architecto veniam harum. Dolor dolores sint iure error. Tenetur sunt quia quis et ducimus et voluptatum.', 142, 6, 23, '2020-05-31 04:45:40', '2020-05-31 04:45:40'),
(4, 'et', 'Aut non fugit impedit veritatis tenetur. Eius est rerum culpa cupiditate tempora. Autem fuga ad magni qui rerum omnis. Cupiditate vitae fugit impedit atque sed harum.', 857, 6, 8, '2020-05-31 04:45:40', '2020-05-31 04:45:40'),
(5, 'dolores', 'Ut autem cupiditate amet veritatis. Sunt ipsam expedita ex ducimus quo velit. Ea hic veniam aut ab libero ea. Non provident aut numquam aut et. Minus autem sint dolores rerum velit libero.', 382, 8, 7, '2020-05-31 04:45:40', '2020-05-31 04:45:40'),
(6, 'voluptatum', 'Quia illo et sapiente ut. Necessitatibus ut rerum minima numquam ab. Tempora dignissimos veritatis nihil repellendus molestiae sed.', 402, 7, 20, '2020-05-31 04:45:40', '2020-05-31 04:45:40'),
(7, 'nihil', 'Nesciunt cupiditate alias nihil commodi est pariatur dolorem. Nesciunt optio quod in molestias qui id nulla. Itaque blanditiis ullam placeat est atque rerum sint. Qui nihil fugiat illo nemo.', 863, 7, 5, '2020-05-31 04:45:40', '2020-05-31 04:45:40'),
(8, 'ea', 'Optio libero fugiat eius ut culpa. Possimus odio nobis ab cupiditate. Qui temporibus voluptate aperiam alias rerum nam. Sint soluta minus voluptatem dolorem nobis dolor.', 857, 1, 15, '2020-05-31 04:45:40', '2020-05-31 04:45:40'),
(9, 'voluptas', 'Placeat sit quam hic placeat maxime. Voluptates qui aut consequatur quaerat laudantium fugiat quisquam. Atque ut et sapiente non consequuntur itaque.', 788, 7, 3, '2020-05-31 04:45:40', '2020-05-31 04:45:40'),
(10, 'nulla', 'Vero repellat aut a voluptatem ratione culpa. Exercitationem et et ea modi est ut. Est dolorem magnam autem.', 341, 5, 30, '2020-05-31 04:45:40', '2020-05-31 04:45:40'),
(11, 'est', 'Quo rem sed et maxime iste quam. Dolorem a eveniet aut. Consequuntur aliquid blanditiis aut asperiores. Modi minus vero voluptatem aspernatur ad eos.', 165, 3, 12, '2020-05-31 04:45:41', '2020-05-31 04:45:41'),
(12, 'voluptas', 'Nihil aut dolores eius ex molestiae eos eligendi suscipit. Sapiente inventore nulla ipsum voluptas. Odit eius et maiores sed.', 990, 4, 3, '2020-05-31 04:45:41', '2020-05-31 04:45:41'),
(13, 'vel', 'Ea aut facere iusto odio deleniti et. Esse eius corporis cum consequatur quisquam quis voluptas. Sunt atque autem et id vero. Quod laborum impedit vel aut aliquid sapiente rerum totam.', 865, 8, 23, '2020-05-31 04:45:41', '2020-05-31 04:45:41'),
(14, 'placeat', 'Deleniti magni molestiae et. Ex inventore eum amet expedita totam. Natus dolor nihil molestias quia.', 783, 5, 27, '2020-05-31 04:45:41', '2020-05-31 04:45:41'),
(15, 'debitis', 'Rerum a distinctio sapiente perspiciatis maiores eveniet. Dicta eum voluptas mollitia qui nulla voluptas excepturi repudiandae. Deleniti quidem officiis veritatis dolorum. Voluptate voluptas et repellendus et aspernatur cumque corrupti. Debitis perspiciatis nihil quia reiciendis omnis.', 388, 6, 28, '2020-05-31 04:45:41', '2020-05-31 04:45:41'),
(16, 'occaecati', 'Voluptas quo aperiam illo. Nihil nobis quasi cumque. Et numquam consequatur fugiat aspernatur dolor architecto. Et rem impedit enim ut quasi illo saepe doloribus.', 829, 9, 22, '2020-05-31 04:45:41', '2020-05-31 04:45:41'),
(17, 'voluptas', 'Cum dignissimos voluptas eos rerum nihil maxime animi aut. Reprehenderit dolores sit animi distinctio nam suscipit. Facere vero ipsam ipsa sunt et asperiores sit.', 707, 5, 12, '2020-05-31 04:45:41', '2020-05-31 04:45:41'),
(18, 'porro', 'A vel fugit ut perferendis illum enim et eligendi. Libero reiciendis aut aut exercitationem consectetur nesciunt alias. Velit odio non et porro laboriosam.', 781, 5, 26, '2020-05-31 04:45:41', '2020-05-31 04:45:41'),
(19, 'at', 'Et fugiat repudiandae necessitatibus. Non autem quibusdam laboriosam aut possimus. Qui velit maxime tenetur perferendis architecto explicabo et. Adipisci qui sunt ipsa ullam possimus ipsam illum inventore.', 335, 1, 23, '2020-05-31 04:45:41', '2020-05-31 04:45:41'),
(20, 'officia', 'Sed ipsam in rem repellat. Ea voluptatem dolore recusandae quidem ea repellat. Et consectetur iusto odit veritatis vero est. Voluptatem consequatur voluptatibus debitis vel.', 179, 8, 23, '2020-05-31 04:45:41', '2020-05-31 04:45:41'),
(21, 'ex', 'Animi excepturi autem sed quibusdam officiis. Iure earum quia molestiae culpa ut et. Quod ea rerum voluptatem totam et.', 991, 3, 11, '2020-05-31 04:45:41', '2020-05-31 04:45:41'),
(22, 'ea', 'Aperiam accusantium molestiae aliquam illo accusamus sit. Laborum velit perspiciatis nihil tempora. Sint mollitia est nesciunt nihil cupiditate dolores.', 119, 2, 22, '2020-05-31 04:45:41', '2020-05-31 04:45:41'),
(23, 'autem', 'Qui et asperiores doloremque quia inventore in. Voluptatibus eos blanditiis porro voluptas aperiam perferendis cum. Illum repellendus id quae suscipit dolorum amet et culpa. Vero ipsam neque aperiam. Laboriosam dolore inventore corrupti omnis vitae.', 353, 9, 12, '2020-05-31 04:45:41', '2020-05-31 04:45:41'),
(24, 'eius', 'Alias et qui dolor dolorem molestiae quas. Quis aperiam alias delectus quasi. Sit quibusdam veritatis rerum facilis modi atque quasi.', 283, 4, 10, '2020-05-31 04:45:41', '2020-05-31 04:45:41'),
(25, 'dolores', 'Doloremque qui magni voluptatem aut consequuntur cumque. Officia voluptas et voluptatem autem ab in saepe. Sunt sed totam maxime.', 123, 6, 5, '2020-05-31 04:45:41', '2020-05-31 04:45:41'),
(26, 'fugit', 'Laudantium alias eos dolor nobis illo dolores. Modi veritatis aut minus. Ut ea voluptas sit vel. Maiores enim quo mollitia minus.', 128, 7, 24, '2020-05-31 04:45:41', '2020-05-31 04:45:41'),
(27, 'quia', 'Amet fuga quas error aut. Velit necessitatibus atque quis adipisci. Nemo et non eum dolore velit aliquid enim. Ut doloremque alias laboriosam minus eaque suscipit.', 279, 0, 11, '2020-05-31 04:45:41', '2020-05-31 04:45:41'),
(28, 'ea', 'Natus incidunt necessitatibus quaerat sunt numquam corporis voluptates. Quo incidunt sit tempora ullam fuga. Perferendis est tempora labore.', 825, 9, 15, '2020-05-31 04:45:41', '2020-05-31 04:45:41'),
(29, 'voluptatem', 'Nostrum sequi eum excepturi magni provident dolorem aspernatur. Unde sequi enim quibusdam laboriosam delectus placeat quasi. Quia dolore aut vel sit porro ab qui.', 187, 2, 4, '2020-05-31 04:45:41', '2020-05-31 04:45:41'),
(30, 'quis', 'Iure ipsa enim voluptatibus ab quas. Dolores ipsa saepe dolorum aut voluptatum ut. Ut magni qui blanditiis sequi qui perspiciatis blanditiis recusandae.', 911, 8, 25, '2020-05-31 04:45:41', '2020-05-31 04:45:41'),
(31, 'culpa', 'Est repudiandae at voluptatum voluptas odio. Sed provident sed iste ut perferendis hic.', 241, 7, 22, '2020-05-31 04:45:41', '2020-05-31 04:45:41'),
(32, 'accusamus', 'Voluptatem totam odio ducimus. Laboriosam minima sapiente qui aut repudiandae minus. Minus itaque neque possimus nesciunt sint doloremque. Hic maiores nesciunt ab corrupti.', 209, 3, 9, '2020-05-31 04:45:41', '2020-05-31 04:45:41'),
(33, 'consequuntur', 'Possimus temporibus suscipit possimus voluptates in facilis. Eligendi deleniti est fugiat fuga sunt ut tempora. Beatae autem ipsam aut est dicta.', 472, 6, 20, '2020-05-31 04:45:41', '2020-05-31 04:45:41'),
(34, 'vel', 'Ullam minus quas consequatur odit. Maxime dolor est qui qui corporis iste. Vero nihil a delectus sed eos quia aut. Explicabo et porro minima corrupti sunt voluptas.', 864, 1, 29, '2020-05-31 04:45:41', '2020-05-31 04:45:41'),
(35, 'est', 'Nisi praesentium ea nobis. Itaque cumque ut earum.', 578, 9, 17, '2020-05-31 04:45:41', '2020-05-31 04:45:41'),
(36, 'quia', 'Veniam ut nisi ratione provident incidunt vel. Numquam ea iusto repudiandae voluptatem ea consequatur. Ipsam sed unde autem. Deserunt molestiae vero aspernatur dolores consequatur.', 367, 2, 25, '2020-05-31 04:45:41', '2020-05-31 04:45:41'),
(37, 'quidem', 'Excepturi et ratione inventore quo quis vitae explicabo et. Enim laborum sunt eum. Et necessitatibus aut excepturi reiciendis. Architecto non ut officia.', 598, 8, 10, '2020-05-31 04:45:41', '2020-05-31 04:45:41'),
(38, 'est', 'Aut saepe beatae et fuga ad non. Sint ipsam molestias tempore et. Nam ut suscipit facilis quo. Incidunt alias doloremque numquam est.', 568, 0, 21, '2020-05-31 04:45:41', '2020-05-31 04:45:41'),
(39, 'non', 'Voluptatem hic cupiditate inventore et officiis. Necessitatibus recusandae amet ipsa dignissimos voluptatem excepturi praesentium explicabo. Totam recusandae voluptas eius. Dolores recusandae occaecati ipsa quaerat itaque.', 855, 0, 22, '2020-05-31 04:45:41', '2020-05-31 04:45:41'),
(40, 'quibusdam', 'Quas sed ut nesciunt eius nam reprehenderit enim. Voluptatem ut illo aut beatae delectus officia atque. Officia quidem consectetur id maxime quibusdam.', 691, 5, 28, '2020-05-31 04:45:41', '2020-05-31 04:45:41'),
(41, 'quis', 'Ipsum vel earum facilis laudantium. Maiores quaerat fuga earum autem odit recusandae ut. Et optio porro quod et.', 638, 8, 4, '2020-05-31 04:45:41', '2020-05-31 04:45:41'),
(42, 'asperiores', 'Sit qui sunt consequatur omnis maiores molestiae. Error aut corrupti est cumque omnis nisi incidunt. Doloribus ut et qui suscipit unde. Asperiores a inventore quaerat omnis.', 992, 8, 9, '2020-05-31 04:45:41', '2020-05-31 04:45:41'),
(43, 'voluptas', 'Reprehenderit vel aut ut eos dolor minima. Et quidem corporis est itaque consequatur et quam. Sunt iusto excepturi sed harum aperiam voluptas reiciendis. At tenetur eaque saepe animi omnis.', 880, 3, 5, '2020-05-31 04:45:41', '2020-05-31 04:45:41'),
(44, 'aut', 'Voluptates qui reprehenderit pariatur est. Fugit eum quia et fugiat libero.', 821, 2, 13, '2020-05-31 04:45:41', '2020-05-31 04:45:41'),
(45, 'quaerat', 'Qui deleniti tempora molestias doloribus consequuntur similique quia impedit. Sed illum excepturi totam est tempora excepturi. Autem est aut incidunt ab alias aut.', 298, 7, 11, '2020-05-31 04:45:41', '2020-05-31 04:45:41'),
(46, 'reiciendis', 'Dolores possimus iste delectus omnis reprehenderit. Qui voluptatibus delectus nostrum incidunt eaque. Minima iusto necessitatibus vel possimus.', 941, 7, 11, '2020-05-31 04:45:41', '2020-05-31 04:45:41'),
(47, 'iste', 'Omnis veniam rerum itaque et qui enim. Vero necessitatibus et deserunt officiis tenetur autem itaque vero. Quia quis quam unde et quis molestiae. Fugit quis autem odit ratione.', 427, 7, 4, '2020-05-31 04:45:42', '2020-05-31 04:45:42'),
(48, 'ab', 'Eum sint voluptatem et optio voluptatem nulla magnam. Accusamus in voluptas et excepturi soluta. Vitae dolorum animi a iste qui saepe reprehenderit.', 583, 9, 24, '2020-05-31 04:45:42', '2020-05-31 04:45:42'),
(49, 'ad', 'Voluptatem occaecati molestiae possimus. Id magnam reiciendis sequi molestiae voluptatem. Qui commodi maiores ut voluptatibus quis.', 344, 2, 29, '2020-05-31 04:45:42', '2020-05-31 04:45:42'),
(50, 'non', 'Quo asperiores in dolorem est. Deleniti cumque quibusdam quidem. Aut incidunt id molestiae. Voluptas aut ex atque aut consequuntur repellendus nostrum.', 529, 2, 20, '2020-05-31 04:45:42', '2020-05-31 04:45:42'),
(51, 'omnis', 'Aspernatur voluptas ipsam saepe. Aut aut laudantium ut maiores voluptatem et. Ex et debitis quos similique. Rerum omnis incidunt illo laborum aliquam aut.', 702, 1, 21, '2020-05-31 04:47:21', '2020-05-31 04:47:21'),
(52, 'quia', 'Vel voluptatem ipsam quibusdam perspiciatis similique quasi quis. Facilis et quas velit hic omnis debitis. Sit rerum commodi accusamus voluptatem repellendus eius.', 724, 8, 9, '2020-05-31 04:47:21', '2020-05-31 04:47:21'),
(53, 'sed', 'Adipisci facilis impedit deserunt necessitatibus nemo voluptas. Non et dolor dolores ea corporis consequatur occaecati. Voluptatem ipsum aliquid corrupti architecto ea temporibus dolor.', 588, 8, 25, '2020-05-31 04:47:21', '2020-05-31 04:47:21'),
(54, 'voluptate', 'Eos deleniti magni modi voluptas qui libero. Nam et suscipit nobis quis inventore maiores. Fugiat ipsum aperiam quidem expedita non rerum.', 322, 4, 29, '2020-05-31 04:47:21', '2020-05-31 04:47:21'),
(55, 'dolores', 'Maxime deserunt cupiditate tempora minus cumque. Quia dolore quia nemo ea dolorem. Fugit ut quisquam blanditiis veritatis iste officiis.', 501, 9, 15, '2020-05-31 04:47:21', '2020-05-31 04:47:21'),
(56, 'autem', 'Qui impedit delectus voluptatum sapiente accusamus. Est voluptatem delectus animi ut dolorem voluptate. Omnis ut facere sint voluptatibus totam. Non quos voluptas inventore. Dolorem facilis nobis ipsam molestias.', 911, 2, 30, '2020-05-31 04:47:21', '2020-05-31 04:47:21'),
(57, 'soluta', 'Qui blanditiis quo explicabo ipsa eos soluta aut. Sint mollitia explicabo esse quod ut officiis. Ut reprehenderit non deleniti eius occaecati et. Quasi consequuntur quaerat aut tempora ab.', 745, 1, 25, '2020-05-31 04:47:21', '2020-05-31 04:47:21'),
(58, 'pariatur', 'Voluptas eligendi modi excepturi consequatur. Velit praesentium ea vitae ad eveniet ut et doloremque. Provident libero earum explicabo illum. Hic eveniet occaecati ea minima.', 309, 7, 3, '2020-05-31 04:47:21', '2020-05-31 04:47:21'),
(59, 'sed', 'Et magnam ipsum dignissimos sed sint architecto. Nemo accusantium aperiam fuga doloribus perspiciatis et rerum. Commodi quia voluptatem quisquam molestiae qui unde.', 306, 8, 9, '2020-05-31 04:47:21', '2020-05-31 04:47:21'),
(60, 'mollitia', 'Tempora omnis nostrum consequuntur aut. Quia non quia mollitia facere quaerat omnis dolore. Et corrupti provident ut quidem sint rem similique.', 127, 1, 26, '2020-05-31 04:47:21', '2020-05-31 04:47:21'),
(61, 'voluptate', 'Molestiae et minus eum autem tenetur ea explicabo. Amet est sed et atque aliquid.', 492, 4, 5, '2020-05-31 04:47:22', '2020-05-31 04:47:22'),
(62, 'quod', 'Consectetur molestiae incidunt rerum dolor molestiae. Vel deserunt asperiores magnam similique ipsum ducimus accusamus numquam. Reprehenderit velit deserunt sequi sint. Occaecati fugit dolores vel quibusdam nostrum ipsa exercitationem. Cumque assumenda dolorem deleniti tempore tempore.', 893, 9, 10, '2020-05-31 04:47:22', '2020-05-31 04:47:22'),
(63, 'ea', 'Libero omnis minus officiis quasi quidem molestias fugiat. Reiciendis consequatur perferendis odit. Quo repellendus voluptas provident delectus.', 652, 0, 6, '2020-05-31 04:47:22', '2020-05-31 04:47:22'),
(64, 'aut', 'Placeat sunt vero molestiae accusamus. Ut deleniti consequatur dolor provident. Sunt similique accusamus sit nihil. Dolores vel cumque tempora nulla ratione.', 933, 8, 22, '2020-05-31 04:47:22', '2020-05-31 04:47:22'),
(65, 'eaque', 'Optio debitis saepe aut occaecati nam autem. Numquam aspernatur sequi necessitatibus ut vel et nemo. Sapiente minima placeat et dignissimos mollitia consequuntur facere.', 260, 4, 3, '2020-05-31 04:47:22', '2020-05-31 04:47:22'),
(66, 'fuga', 'Quidem voluptas quam voluptas temporibus. Deserunt ex impedit cumque placeat omnis. Fuga sunt ut quas delectus. Facilis officia ipsa tenetur temporibus.', 782, 7, 14, '2020-05-31 04:47:22', '2020-05-31 04:47:22'),
(67, 'qui', 'Labore qui qui rerum sed voluptate alias sed. Neque enim occaecati eius dignissimos placeat necessitatibus. Eum quae officiis ad aut distinctio. Repellat sit sed placeat ratione itaque eos consectetur quidem. Praesentium repellat omnis tempora eius.', 572, 9, 6, '2020-05-31 04:47:22', '2020-05-31 04:47:22'),
(68, 'rem', 'Aliquam debitis et optio provident accusantium eius eveniet doloribus. Dicta magni sequi ipsam temporibus. Harum et reprehenderit earum eum.', 818, 3, 18, '2020-05-31 04:47:22', '2020-05-31 04:47:22'),
(69, 'sapiente', 'Quos laboriosam aliquid quo excepturi. Qui magni dolor dicta repellat. Non natus repellat aut eligendi. Quae voluptas eius sit maiores et.', 546, 9, 3, '2020-05-31 04:47:22', '2020-05-31 04:47:22'),
(70, 'quia', 'Eum sit a occaecati sed quia voluptatem. Ut perferendis explicabo repudiandae error. Enim pariatur non nesciunt cupiditate et quae illo.', 439, 8, 6, '2020-05-31 04:47:22', '2020-05-31 04:47:22'),
(71, 'et', 'Dolores incidunt optio et voluptas. Et dolorem est optio et temporibus blanditiis non. Nihil distinctio alias quasi sint saepe.', 578, 9, 8, '2020-05-31 04:47:22', '2020-05-31 04:47:22'),
(72, 'velit', 'Autem architecto sint facere at repellendus sit est est. Dolor atque possimus vel laboriosam enim aut ipsa ad. Delectus velit et ipsum quaerat.', 533, 8, 27, '2020-05-31 04:47:22', '2020-05-31 04:47:22'),
(73, 'debitis', 'Porro dolores incidunt et et enim saepe. Cupiditate id dolore sint alias. Molestiae pariatur amet ad ea voluptas et. Dolorum provident sunt et quam qui amet veritatis.', 906, 4, 26, '2020-05-31 04:47:22', '2020-05-31 04:47:22'),
(74, 'provident', 'Aut deleniti itaque sint esse commodi. Nesciunt et consequatur vero neque vitae dolores.', 437, 3, 7, '2020-05-31 04:47:22', '2020-05-31 04:47:22'),
(75, 'adipisci', 'Asperiores dolorem tempore ut cum eveniet consequatur. Laboriosam necessitatibus eius corrupti reprehenderit natus nobis nam. Animi praesentium enim labore in. Quia quia et asperiores maxime.', 640, 2, 19, '2020-05-31 04:47:22', '2020-05-31 04:47:22'),
(76, 'eos', 'Eveniet quam vero autem tenetur. Sunt aperiam odio aperiam dolor dignissimos voluptates. Iste est voluptas sed.', 898, 7, 16, '2020-05-31 04:47:22', '2020-05-31 04:47:22'),
(77, 'necessitatibus', 'Nihil eaque deserunt quam neque. Facilis consequatur velit eos cupiditate eligendi et. Qui qui deserunt non debitis veniam dolor quidem. Recusandae in reprehenderit voluptas est deserunt quod.', 749, 0, 12, '2020-05-31 04:47:22', '2020-05-31 04:47:22'),
(78, 'aspernatur', 'Voluptas est rem quae dolore aut dolore. Ducimus earum esse nihil quam est. Exercitationem omnis ullam vitae beatae voluptates distinctio possimus necessitatibus.', 428, 9, 22, '2020-05-31 04:47:22', '2020-05-31 04:47:22'),
(79, 'rerum', 'Velit aspernatur dolores enim in exercitationem. Aut sed neque dolor laboriosam fugit deserunt. Architecto asperiores quo enim eum tempore minima nihil. Voluptate rem unde nihil dolore est quo.', 624, 6, 19, '2020-05-31 04:47:22', '2020-05-31 04:47:22'),
(80, 'quis', 'Rerum aspernatur temporibus sequi illum quo sapiente. Velit illum velit qui molestiae eum cumque numquam. Qui odit maiores aut cum.', 286, 5, 28, '2020-05-31 04:47:22', '2020-05-31 04:47:22'),
(81, 'id', 'Expedita voluptates quia quo quasi id accusantium culpa ducimus. Quia voluptatem sit aperiam dolor eos dignissimos. Corrupti nihil vel consequatur adipisci repellat unde sit blanditiis.', 908, 1, 16, '2020-05-31 04:47:22', '2020-05-31 04:47:22'),
(82, 'est', 'Itaque aut exercitationem dolores ipsa aut qui. Aut distinctio architecto debitis non voluptatem. Adipisci est magnam eaque.', 651, 3, 26, '2020-05-31 04:47:23', '2020-05-31 04:47:23'),
(83, 'aut', 'Fuga minus facere nostrum labore esse autem. Nihil et totam et et perferendis recusandae. Quia fugit consequatur nulla quis est consequuntur.', 709, 1, 3, '2020-05-31 04:47:23', '2020-05-31 04:47:23'),
(84, 'qui', 'Modi similique quia ad eum quo explicabo. Sed voluptas dolor qui ut et.', 734, 0, 10, '2020-05-31 04:47:23', '2020-05-31 04:47:23'),
(85, 'iure', 'Ipsam esse fugit voluptate accusamus molestias. Eveniet itaque ea deleniti eligendi quas est. Rerum repellendus illo et qui dolorem soluta ipsam quidem.', 555, 9, 10, '2020-05-31 04:47:23', '2020-05-31 04:47:23'),
(86, 'iure', 'Ipsa autem quibusdam illum eaque molestiae. Ut commodi nisi velit inventore. Ullam et qui odio neque doloremque a sit. Doloribus et et non ut.', 872, 2, 28, '2020-05-31 04:47:23', '2020-05-31 04:47:23'),
(87, 'et', 'Nihil ea qui enim laboriosam in quia consequatur. Qui consequatur architecto optio animi hic velit nulla. Libero voluptatem odit ut impedit sit id delectus ut. Quo veniam ratione voluptas quisquam.', 793, 0, 25, '2020-05-31 04:47:23', '2020-05-31 04:47:23'),
(88, 'quasi', 'Impedit cum sint consectetur impedit voluptate. Odit sed molestiae asperiores impedit assumenda eos velit totam. Qui minima officia libero libero possimus repudiandae mollitia. Unde eum qui ipsum placeat consequatur voluptatibus.', 734, 5, 29, '2020-05-31 04:47:23', '2020-05-31 04:47:23'),
(89, 'voluptas', 'Soluta nemo exercitationem dicta rerum et. Repellendus quia voluptatibus illum et est. Consequatur quo rerum doloremque debitis dolore eveniet quia dolore. Natus enim ipsa sed vitae quas distinctio.', 848, 1, 7, '2020-05-31 04:47:23', '2020-05-31 04:47:23'),
(90, 'facilis', 'Non optio rerum amet illo fugit omnis ullam. Facilis quos velit optio. Eum quia autem nam accusamus velit et reiciendis.', 961, 3, 3, '2020-05-31 04:47:23', '2020-05-31 04:47:23'),
(91, 'architecto', 'Illo deserunt consectetur iure blanditiis necessitatibus ex. Repellendus in occaecati sed et aut. Sint magnam velit saepe in.', 498, 2, 5, '2020-05-31 04:47:23', '2020-05-31 04:47:23'),
(92, 'aspernatur', 'Aut quo aperiam non adipisci impedit tempora aut. Impedit recusandae voluptas consequatur est maiores facere quisquam. Recusandae velit fugit minus qui. Et sunt nihil ea ea cum ut enim.', 506, 9, 18, '2020-05-31 04:47:23', '2020-05-31 04:47:23'),
(93, 'est', 'Corrupti sapiente est facilis tempora odit. Et molestias est iusto quod et laboriosam dolor qui. Fugit odio dolor est impedit laudantium sequi. Vero id praesentium aut sint ullam doloribus.', 708, 8, 20, '2020-05-31 04:47:23', '2020-05-31 04:47:23'),
(94, 'aut', 'Minus quasi adipisci eaque incidunt dolores delectus sunt. Nulla est numquam fuga totam magnam. Quos itaque molestias distinctio asperiores est vitae. Quia aut nobis placeat officia vitae reiciendis ipsam.', 887, 6, 26, '2020-05-31 04:47:23', '2020-05-31 04:47:23'),
(95, 'sapiente', 'Omnis delectus nemo voluptatibus et cum. Delectus consequatur error in molestiae blanditiis ipsam qui. Inventore eveniet et quaerat similique laborum dolor. Pariatur quo cupiditate eum est sunt assumenda soluta.', 293, 3, 22, '2020-05-31 04:47:23', '2020-05-31 04:47:23'),
(96, 'ipsa', 'Sint nostrum et est omnis voluptatem natus. Et impedit ipsam eveniet similique. Accusamus excepturi nam qui porro unde accusamus.', 180, 0, 16, '2020-05-31 04:47:23', '2020-05-31 04:47:23'),
(97, 'asperiores', 'Placeat dolorum quod est sit. Saepe eius dolorem minima et. Dolor omnis a illo optio dolores perspiciatis nihil. Consequatur nihil consequatur consequatur. Pariatur cumque maxime occaecati nisi dolorem.', 856, 7, 14, '2020-05-31 04:47:23', '2020-05-31 04:47:23'),
(98, 'et', 'Hic quibusdam qui enim eveniet architecto dolores. Accusantium modi animi deserunt mollitia iste non quasi. Ullam deserunt numquam cumque consequatur aliquam omnis. Optio maiores quis id omnis quam expedita ab rerum. Reprehenderit nobis voluptates est vitae a optio dolore.', 239, 5, 12, '2020-05-31 04:47:23', '2020-05-31 04:47:23'),
(99, 'omnis', 'Et a autem placeat facilis temporibus eaque. Earum blanditiis ea reprehenderit dolor. Debitis cumque impedit et est enim veritatis dolore. Qui quod ad omnis inventore quam.', 357, 1, 6, '2020-05-31 04:47:23', '2020-05-31 04:47:23'),
(100, 'placeat', 'Cupiditate soluta asperiores tempore voluptatum. Facilis quo alias et provident et officia. Optio a distinctio sit id ab optio. Vero qui quasi vitae voluptatum vel rerum quo.', 521, 2, 23, '2020-05-31 04:47:23', '2020-05-31 04:47:23');

-- --------------------------------------------------------

--
-- Table structure for table `reviews`
--

CREATE TABLE `reviews` (
  `id` bigint(20) UNSIGNED NOT NULL,
  `product_id` bigint(20) UNSIGNED NOT NULL,
  `customer` varchar(255) COLLATE utf8mb4_unicode_ci NOT NULL,
  `review` text COLLATE utf8mb4_unicode_ci NOT NULL,
  `star` int(11) NOT NULL,
  `created_at` timestamp NULL DEFAULT NULL,
  `updated_at` timestamp NULL DEFAULT NULL
) ENGINE=InnoDB DEFAULT CHARSET=utf8mb4 COLLATE=utf8mb4_unicode_ci;

--
-- Dumping data for table `reviews`
--

INSERT INTO `reviews` (`id`, `product_id`, `customer`, `review`, `star`, `created_at`, `updated_at`) VALUES
(1, 57, 'Mike Bergstrom', 'Cum veniam accusamus sapiente quas eum eum. Ipsam cum cupiditate quia nihil ad qui. Qui cum aspernatur qui impedit.', 3, '2020-05-31 04:47:24', '2020-05-31 04:47:24'),
(2, 32, 'Arnoldo Hodkiewicz', 'Omnis non cupiditate quibusdam officiis inventore et. Sunt repellendus qui quibusdam saepe laudantium. Repellat eum sed numquam minima. Dolorem in labore eaque reiciendis sed in eum.', 4, '2020-05-31 04:47:24', '2020-05-31 04:47:24'),
(3, 28, 'Maurice O\'Conner', 'Fugiat omnis sit rerum vel. Quia quia dolores dolores iure a quam. Sunt ut consequatur doloremque est vero.', 1, '2020-05-31 04:47:25', '2020-05-31 04:47:25'),
(4, 45, 'Roy Carroll', 'Voluptatibus minus rerum in quos commodi incidunt dignissimos. Impedit sapiente explicabo maxime impedit ratione a excepturi. Necessitatibus hic saepe sunt velit molestiae quam. Adipisci qui ut eligendi magnam neque. Nemo laudantium ducimus voluptatem quam nemo expedita qui omnis.', 1, '2020-05-31 04:47:25', '2020-05-31 04:47:25'),
(5, 65, 'Octavia Little', 'Non voluptas voluptatem ex laboriosam rem. Libero delectus pariatur impedit voluptates. Quia nostrum sunt quo reprehenderit est pariatur voluptatem.', 5, '2020-05-31 04:47:25', '2020-05-31 04:47:25'),
(6, 54, 'Dr. Jett Conn', 'Magni qui quia dolores voluptas sint eum quisquam. Fugit hic et quia vel eligendi aperiam. Odio voluptates a in pariatur. Voluptate iure neque aliquid. Libero natus eius dolorum et asperiores veniam reprehenderit.', 3, '2020-05-31 04:47:25', '2020-05-31 04:47:25'),
(7, 79, 'Ms. Madonna O\'Hara I', 'Laboriosam recusandae molestiae adipisci perspiciatis exercitationem. Molestias blanditiis harum amet omnis asperiores voluptas dignissimos voluptas. Aut in perferendis veritatis voluptatem ex qui.', 2, '2020-05-31 04:47:25', '2020-05-31 04:47:25'),
(8, 34, 'Nova Leannon', 'Ea laudantium enim itaque. Incidunt ipsam eos maxime sed. Quia tempora perferendis ea deserunt.', 5, '2020-05-31 04:47:25', '2020-05-31 04:47:25'),
(9, 62, 'Jazmyne Bashirian', 'Quo numquam maxime sint quasi. Ab est quia aliquid voluptatem voluptatem facere hic. Ut voluptatum asperiores est quia et incidunt eum. Asperiores amet deserunt laboriosam quo beatae.', 1, '2020-05-31 04:47:25', '2020-05-31 04:47:25'),
(10, 52, 'Prof. Demetrius Weissnat DDS', 'Debitis voluptas fugit qui consectetur veniam rerum quam. Cupiditate corporis voluptatum quo voluptatem sint ut dicta quis. Asperiores maiores ab dicta voluptatum. Ut labore non quia iste rem.', 2, '2020-05-31 04:47:25', '2020-05-31 04:47:25'),
(11, 7, 'Mike Frami I', 'Natus nam totam unde dicta qui praesentium dolorem. Voluptatum sunt et animi nam natus nisi quia. Vel repudiandae magni amet.', 2, '2020-05-31 04:47:25', '2020-05-31 04:47:25'),
(12, 69, 'Prof. Grant Simonis II', 'Sunt ut veritatis beatae atque. Veritatis vero quibusdam quo non tempora assumenda. Adipisci vel aspernatur placeat eum consequatur. Animi commodi a soluta quis commodi excepturi.', 4, '2020-05-31 04:47:25', '2020-05-31 04:47:25'),
(13, 85, 'Jonas Zemlak', 'Id eveniet a enim laborum. Minima non tempora sed voluptatem minus corporis ut.', 5, '2020-05-31 04:47:25', '2020-05-31 04:47:25'),
(14, 58, 'Zane Hickle', 'A consequatur nihil doloremque odit. Eveniet ducimus reiciendis delectus quia saepe esse. Odit ex voluptatibus sed tenetur. Pariatur enim molestiae similique ea.', 4, '2020-05-31 04:47:25', '2020-05-31 04:47:25'),
(15, 19, 'Nettie Witting', 'Quis sed quidem earum. Ut soluta in aut unde aliquid. Voluptatem aliquam excepturi cumque dolorem quibusdam earum.', 2, '2020-05-31 04:47:25', '2020-05-31 04:47:25'),
(16, 32, 'Arnaldo Homenick', 'Quia voluptatem in veritatis nam reiciendis. Consequatur rerum sunt aliquid modi. Tenetur velit corrupti et enim qui praesentium.', 2, '2020-05-31 04:47:25', '2020-05-31 04:47:25'),
(17, 38, 'Alisa Collier', 'Esse explicabo ratione et magni. Occaecati quidem voluptatem assumenda. Ea consectetur omnis necessitatibus dolorum quidem.', 5, '2020-05-31 04:47:25', '2020-05-31 04:47:25'),
(18, 18, 'Dr. Precious Parisian', 'Expedita velit veniam non culpa cum neque molestiae. Vitae quidem sed illo iste ut. Dolorem voluptates totam ex et odit. Sit quaerat velit aut at.', 1, '2020-05-31 04:47:25', '2020-05-31 04:47:25'),
(19, 85, 'Dr. Stefan Hirthe V', 'Ex ullam omnis quas maiores. Doloremque beatae molestiae odio error magni ipsam doloribus.', 3, '2020-05-31 04:47:25', '2020-05-31 04:47:25'),
(20, 49, 'Anabelle Crist', 'Illum molestiae rerum sapiente quia exercitationem sed sit sunt. Adipisci dolor alias doloribus cupiditate. Totam a earum qui nemo praesentium veniam. Sunt eos molestias ullam id facere eum sapiente.', 4, '2020-05-31 04:47:25', '2020-05-31 04:47:25'),
(21, 8, 'Ms. Carlotta Durgan MD', 'Est consectetur esse et fugit et voluptatem dolor. Cumque cum soluta deleniti aut totam animi. Voluptas asperiores soluta sit quidem accusamus.', 0, '2020-05-31 04:47:25', '2020-05-31 04:47:25'),
(22, 22, 'Jane Nolan', 'Est est non iure et labore totam. Et tenetur enim quia voluptates vitae omnis odit. Aut iure molestiae repellendus odio laudantium. Accusamus corrupti rem autem aut occaecati.', 0, '2020-05-31 04:47:25', '2020-05-31 04:47:25'),
(23, 11, 'Ms. Abbigail Haag I', 'Exercitationem dolorem et cumque saepe. Dolor consequatur accusamus autem odit. Aperiam voluptatem amet qui recusandae. Quasi et at velit qui et reprehenderit id.', 4, '2020-05-31 04:47:25', '2020-05-31 04:47:25'),
(24, 97, 'Dr. Layne Kshlerin MD', 'Facere libero est provident aliquid soluta dolore omnis. Aut ducimus aut est eaque. Omnis esse atque animi omnis quia ipsam nesciunt. Ea dolorum impedit numquam blanditiis. Est aliquid quam accusamus qui nobis consequuntur error.', 4, '2020-05-31 04:47:25', '2020-05-31 04:47:25'),
(25, 47, 'Gayle Strosin', 'Vero sed dolore minus officiis explicabo id. Magnam nobis fugit magni omnis.', 3, '2020-05-31 04:47:25', '2020-05-31 04:47:25'),
(26, 87, 'Clemmie Wolff', 'Officia placeat illum earum facilis. Dolores non sit incidunt. Nihil et exercitationem id et et tempora eos.', 2, '2020-05-31 04:47:25', '2020-05-31 04:47:25'),
(27, 70, 'Pearlie Greenholt', 'Velit ut et sed facere. Consequuntur laboriosam tempore voluptas et quod eligendi. Est nihil placeat id officiis inventore veniam. Voluptatum voluptas quasi necessitatibus amet sunt aperiam ex.', 4, '2020-05-31 04:47:25', '2020-05-31 04:47:25'),
(28, 100, 'Mrs. Delpha Lynch IV', 'Laboriosam distinctio accusamus iste assumenda itaque exercitationem voluptatem. Ipsa sed molestiae omnis ut nam officia. Aliquam possimus deleniti itaque itaque asperiores dolorem ad nesciunt.', 3, '2020-05-31 04:47:25', '2020-05-31 04:47:25'),
(29, 1, 'Justus Lockman', 'Sit deleniti qui eius rerum. Iusto voluptates qui eius aliquam vel. Deleniti veritatis nihil omnis consequatur accusantium. Praesentium magnam quo enim fugiat.', 2, '2020-05-31 04:47:25', '2020-05-31 04:47:25'),
(30, 79, 'Darryl Bins', 'Natus repudiandae minus animi iste officia. Dolorem optio quos temporibus harum recusandae illum id voluptas. Officiis quidem et quaerat tempore sit eum. Veniam magnam omnis consectetur soluta.', 3, '2020-05-31 04:47:25', '2020-05-31 04:47:25'),
(31, 35, 'Mr. Ross Gutmann DVM', 'Aut aspernatur officiis voluptate accusantium. Dolor voluptatem magni et omnis id. Rerum omnis aut quae rerum corporis est.', 5, '2020-05-31 04:47:25', '2020-05-31 04:47:25'),
(32, 35, 'Prof. Florence Kris', 'Temporibus iure aut sed quia. Accusantium nisi aut voluptas corporis velit.', 0, '2020-05-31 04:47:25', '2020-05-31 04:47:25'),
(33, 40, 'Carol Mante', 'Molestiae aliquid aut doloribus sunt quo eos. Quisquam omnis aut et incidunt sapiente occaecati nostrum. Voluptatum rem dignissimos deserunt.', 5, '2020-05-31 04:47:25', '2020-05-31 04:47:25'),
(34, 89, 'Paxton Nicolas', 'Sequi labore voluptate dolores fugiat aut illum. Necessitatibus est ipsam cum quo saepe tempore. Beatae ipsum repellendus suscipit et excepturi. Et atque quo non.', 3, '2020-05-31 04:47:25', '2020-05-31 04:47:25'),
(35, 14, 'Brycen Pfeffer', 'Alias non fugiat id cum quam dolores eum. Consectetur ut voluptas est molestias sit animi. Eos nostrum magni in odit.', 2, '2020-05-31 04:47:25', '2020-05-31 04:47:25'),
(36, 12, 'Prof. Delpha Casper', 'Qui id aliquam maiores velit sed. Atque non iusto quia et quia. Eveniet nostrum culpa ratione neque culpa. Odio nihil est suscipit eligendi nihil expedita tenetur.', 2, '2020-05-31 04:47:25', '2020-05-31 04:47:25'),
(37, 16, 'Tre Klein', 'Aut libero aut hic atque. Officia fugiat ut ut alias ab. Voluptas laborum ut et ut saepe dolorem quo. Ea nostrum reprehenderit qui.', 1, '2020-05-31 04:47:25', '2020-05-31 04:47:25'),
(38, 73, 'Dr. Cassie Wolf', 'Ducimus minus voluptas ut nobis quis voluptas error. Corporis nobis deserunt odit. At veniam nemo aliquid nemo et provident cupiditate. Libero voluptates ea facilis harum.', 0, '2020-05-31 04:47:25', '2020-05-31 04:47:25'),
(39, 2, 'Dr. Roslyn Bradtke', 'Aliquid distinctio accusamus aspernatur asperiores odit accusamus ut. Ipsum ea sunt expedita quo. Et dolores ut dolores nesciunt quia voluptatem dolore. Sit quae neque explicabo nulla. Minima quia autem enim aliquam est fugiat reiciendis minus.', 4, '2020-05-31 04:47:25', '2020-05-31 04:47:25'),
(40, 55, 'Paolo Leannon', 'Sed ducimus voluptatem libero impedit magnam tempora alias. Enim ut est reprehenderit voluptatibus hic quasi exercitationem. Cum ipsam et est nesciunt. Aut ut accusantium aliquid ea quaerat nemo.', 4, '2020-05-31 04:47:25', '2020-05-31 04:47:25'),
(41, 31, 'Jody Krajcik', 'Aliquid ipsum alias qui vero dolorum cumque ipsum. Velit corrupti repudiandae neque. Blanditiis magni facere quo molestiae optio delectus. Aut et quis possimus voluptatum.', 1, '2020-05-31 04:47:25', '2020-05-31 04:47:25'),
(42, 5, 'Ms. Lea Runolfsson', 'Facilis porro quia ut et facere. Est laborum magni accusantium voluptatem dolor dolore. Ipsam adipisci debitis eum id quibusdam. Sit illum qui perferendis exercitationem hic aut.', 0, '2020-05-31 04:47:25', '2020-05-31 04:47:25'),
(43, 88, 'Itzel Gusikowski', 'Modi et tempore et placeat quis dignissimos magnam. Sapiente sit qui aut voluptatem non dolorem. Minus deserunt in dicta nulla. Vero et quasi enim.', 4, '2020-05-31 04:47:25', '2020-05-31 04:47:25'),
(44, 57, 'Prof. Aiyana Smith', 'Eius officiis perspiciatis sequi. Dolor sunt quibusdam possimus necessitatibus aut. Et dolore tenetur inventore consequatur quas beatae optio. Quis odio velit laudantium odio sit.', 2, '2020-05-31 04:47:25', '2020-05-31 04:47:25'),
(45, 100, 'Zane O\'Connell', 'Modi cupiditate totam excepturi officia atque quas eum. Accusamus illum ea est ut enim eius. Voluptas impedit et possimus doloribus.', 5, '2020-05-31 04:47:26', '2020-05-31 04:47:26'),
(46, 57, 'Maud Hilpert II', 'Omnis molestias iusto sunt. Dignissimos reprehenderit totam et suscipit. Facere quia numquam magni perspiciatis. Qui officia nemo aliquid aut rerum dolorem.', 5, '2020-05-31 04:47:26', '2020-05-31 04:47:26'),
(47, 85, 'Dr. Skye Muller', 'Dolorem non nesciunt minus sit aut aut facere. Magni sed nemo ducimus consequuntur necessitatibus in. Sint consequatur labore non iure tenetur odit voluptate.', 4, '2020-05-31 04:47:26', '2020-05-31 04:47:26'),
(48, 33, 'Prof. Korbin Graham', 'Eos est quia tempore inventore. Nihil dolores repellat et voluptatem ea vel qui.', 3, '2020-05-31 04:47:26', '2020-05-31 04:47:26'),
(49, 100, 'Madisen Weimann', 'Et numquam excepturi voluptatem nostrum. Suscipit natus in aut eum consequatur porro quis. Culpa voluptatum consequuntur reprehenderit nesciunt. Nulla dolor vel cumque. Sit ut doloribus accusantium sint.', 3, '2020-05-31 04:47:26', '2020-05-31 04:47:26'),
(50, 73, 'Meagan Spinka', 'Perspiciatis provident ea qui aut sit et voluptatibus in. Enim repudiandae culpa atque quo officiis. A quia et quo earum voluptatum. Illum pariatur perspiciatis necessitatibus laudantium voluptatem suscipit.', 2, '2020-05-31 04:47:26', '2020-05-31 04:47:26'),
(51, 91, 'Hassan Kessler', 'Quia debitis nostrum architecto dignissimos. Impedit cumque quis culpa sit omnis praesentium voluptatum. Error quo quia ullam ut unde. Rem tenetur non labore dolore reprehenderit omnis. Id tenetur rerum iure qui reiciendis praesentium.', 0, '2020-05-31 04:47:26', '2020-05-31 04:47:26'),
(52, 82, 'Emilio Thiel MD', 'Omnis non sed nihil eaque ut officia magni. Iure repellendus modi neque laudantium architecto. Culpa qui omnis qui pariatur. Nam id reprehenderit vero impedit reprehenderit molestiae dolorem. Ut quo ipsam culpa et impedit sint dolor perferendis.', 0, '2020-05-31 04:47:26', '2020-05-31 04:47:26'),
(53, 97, 'Palma Miller Sr.', 'Explicabo iusto beatae nulla non. Sapiente adipisci et error minus qui eligendi molestiae. Consequatur dicta voluptatem ea voluptatem.', 0, '2020-05-31 04:47:26', '2020-05-31 04:47:26'),
(54, 56, 'Dr. Melyna Lockman', 'Sed enim sit beatae pariatur earum ea. Odit illum et pariatur culpa. Eius molestiae esse officia laborum esse quaerat nisi molestiae. Suscipit voluptas iusto alias doloremque quia vero rerum. Vitae dicta corporis eos sint consequuntur exercitationem delectus similique.', 1, '2020-05-31 04:47:26', '2020-05-31 04:47:26'),
(55, 99, 'Dr. Bobby McLaughlin III', 'Et nemo iure alias cumque natus. Magni accusamus voluptas et maxime fuga enim repellendus quasi. Expedita non sed qui repellat.', 1, '2020-05-31 04:47:26', '2020-05-31 04:47:26'),
(56, 12, 'Dr. Shane Upton', 'Impedit ullam sint porro quas doloribus. Voluptatum corporis velit minus fuga. Animi velit omnis fugit deserunt necessitatibus.', 2, '2020-05-31 04:47:26', '2020-05-31 04:47:26'),
(57, 19, 'Nicholas Hand', 'Consequatur suscipit placeat exercitationem soluta quidem illum voluptatem repellendus. Veritatis harum architecto maiores suscipit praesentium deleniti laboriosam libero. Voluptatem molestiae magni ut minima provident consequatur autem. Impedit ut sit ab architecto quas nulla.', 1, '2020-05-31 04:47:26', '2020-05-31 04:47:26'),
(58, 22, 'Blanca Bailey', 'Voluptas labore deleniti voluptatem eveniet amet nihil. Rem voluptatem possimus delectus doloremque. Consequatur vero iure laudantium illum.', 4, '2020-05-31 04:47:26', '2020-05-31 04:47:26'),
(59, 15, 'Fredy Hintz', 'Ut ratione rem libero dolorem tenetur. Ab aut necessitatibus et. Autem quia itaque non totam omnis. Veritatis molestiae earum et tenetur blanditiis amet dolorem.', 1, '2020-05-31 04:47:26', '2020-05-31 04:47:26'),
(60, 89, 'Sean Bartoletti', 'Officia enim rerum earum harum pariatur esse nostrum. Consequuntur sapiente quo nesciunt eveniet. Odit cupiditate voluptatem ipsam. Deleniti laborum natus temporibus placeat maxime ea. Est quos quasi ex pariatur dicta id eligendi.', 3, '2020-05-31 04:47:26', '2020-05-31 04:47:26'),
(61, 47, 'Faye Steuber', 'Qui et cupiditate neque fugiat voluptatem quisquam. Optio dolor consequatur autem laborum non blanditiis et optio. In rerum consectetur aut.', 0, '2020-05-31 04:47:26', '2020-05-31 04:47:26'),
(62, 68, 'Liana Jacobi', 'Iure facilis ea iste architecto magni. Voluptatem voluptatem fugit blanditiis. Vero enim quia corrupti iste. Delectus ea facere ut voluptas velit minima.', 0, '2020-05-31 04:47:26', '2020-05-31 04:47:26'),
(63, 1, 'Prof. Jonathon Schaden', 'Eum non esse ratione distinctio ea ratione earum assumenda. Veritatis id et necessitatibus dicta et. Ea consequuntur laudantium quia et qui libero a. Consequuntur ab et harum enim voluptatem rerum facilis consequatur.', 5, '2020-05-31 04:47:26', '2020-05-31 04:47:26'),
(64, 52, 'Mr. Candelario Mayer II', 'Sit dolores assumenda aspernatur commodi laborum alias quas. Sed qui placeat porro sit ut ea voluptatum. Ea quo dolor blanditiis quia omnis. Quas amet beatae tempore modi ipsa.', 2, '2020-05-31 04:47:26', '2020-05-31 04:47:26'),
(65, 12, 'Ford Barrows DVM', 'Tenetur dolor ut commodi impedit. Tempore tenetur ad sint sit dolorem. Ratione officia laudantium nam quam quis impedit.', 2, '2020-05-31 04:47:26', '2020-05-31 04:47:26'),
(66, 56, 'Miss Natalia Kessler', 'Rerum illo quo qui rerum velit voluptatem voluptas. Minima nihil deserunt tempore sunt architecto. Iure sit reprehenderit inventore consequatur.', 1, '2020-05-31 04:47:26', '2020-05-31 04:47:26'),
(67, 49, 'Prof. Matteo Fay', 'Ipsam quia tempore ab quia distinctio rerum hic quo. Labore nostrum et laudantium est possimus. Sunt ratione quasi qui quod eum ut quos.', 2, '2020-05-31 04:47:26', '2020-05-31 04:47:26'),
(68, 96, 'Jayce Gerhold', 'At accusamus similique quo aut nobis excepturi doloribus. Vitae enim quia culpa est blanditiis et quas. Quisquam sit nesciunt harum.', 2, '2020-05-31 04:47:26', '2020-05-31 04:47:26'),
(69, 3, 'Andre Marks', 'Tenetur vitae consequatur enim. Eum eius ipsum vel quia doloribus esse. Est velit doloribus mollitia libero quos. Doloribus et tenetur itaque excepturi nihil.', 1, '2020-05-31 04:47:26', '2020-05-31 04:47:26'),
(70, 91, 'Una Carroll', 'Distinctio animi eos omnis sequi. Dolorem fuga quo dolores eos dolor iste nihil nemo. Earum nulla laborum quos explicabo vitae ut. Error consectetur sapiente qui asperiores.', 3, '2020-05-31 04:47:26', '2020-05-31 04:47:26'),
(71, 14, 'Cassandra Predovic', 'Est qui accusamus a et recusandae et. Non voluptas commodi eligendi vel voluptatem in.', 3, '2020-05-31 04:47:26', '2020-05-31 04:47:26'),
(72, 46, 'Prof. Jovani Murray', 'Sint quos qui id asperiores. Sunt ut cumque quae omnis et natus dolorum. Aliquam porro pariatur distinctio et assumenda. Rerum minima quasi odio natus nostrum id deleniti quos.', 0, '2020-05-31 04:47:26', '2020-05-31 04:47:26'),
(73, 73, 'Betty Zemlak Sr.', 'Sunt veniam voluptas ea voluptatibus. Quos aut sed cumque tempora minus. Praesentium fugiat nihil ut occaecati dignissimos. Et molestiae dolor possimus veniam accusamus ea.', 5, '2020-05-31 04:47:26', '2020-05-31 04:47:26'),
(74, 71, 'Dejah Boyle', 'Ipsa voluptatem voluptatem eaque eaque ut. Eius possimus facilis doloremque consequatur qui veniam. Et iure rerum ut illum quibusdam.', 2, '2020-05-31 04:47:26', '2020-05-31 04:47:26'),
(75, 39, 'Allison Robel', 'Id excepturi impedit culpa sit possimus animi rerum quod. Sit numquam voluptatibus omnis omnis. Sed nihil quisquam exercitationem consequuntur laborum.', 5, '2020-05-31 04:47:26', '2020-05-31 04:47:26'),
(76, 85, 'Myrtis Hahn', 'Aspernatur qui cum et nostrum sit. Amet itaque nulla quis fugit totam totam numquam explicabo. Ipsam illo harum et placeat.', 2, '2020-05-31 04:47:26', '2020-05-31 04:47:26'),
(77, 43, 'Brooks Feest', 'Veniam sint consequatur praesentium eos numquam ut. Atque voluptatem nam doloribus facilis. Perspiciatis nulla consequatur enim iure quisquam laborum.', 4, '2020-05-31 04:47:27', '2020-05-31 04:47:27'),
(78, 33, 'Mr. Maximo Murphy', 'Odio voluptate nemo voluptatem incidunt. Placeat id saepe aspernatur minus quod earum et. Eum dolore aliquid omnis possimus hic veritatis laborum.', 0, '2020-05-31 04:47:27', '2020-05-31 04:47:27'),
(79, 15, 'Hosea Denesik', 'Omnis dolores molestiae et suscipit. Neque quia est sint est aperiam. Qui inventore sit voluptatem eveniet maxime assumenda.', 5, '2020-05-31 04:47:27', '2020-05-31 04:47:27'),
(80, 54, 'Trystan VonRueden PhD', 'Ipsa quas ut blanditiis dolores fugiat illo. Est voluptatem quia doloremque. Molestias sit voluptatem sint maxime odit consequatur et sed.', 5, '2020-05-31 04:47:27', '2020-05-31 04:47:27'),
(81, 9, 'Linda Bosco', 'Sit explicabo explicabo incidunt aut repudiandae ut. Facere delectus hic et atque et. Debitis similique distinctio ut distinctio rerum et. Omnis vitae labore et voluptatem veritatis.', 1, '2020-05-31 04:47:27', '2020-05-31 04:47:27'),
(82, 71, 'Vilma Dickens IV', 'Voluptatum consequatur quia quo sed quisquam. Occaecati corrupti neque temporibus officiis sit officiis accusamus ab. Qui fugit nobis provident voluptatem voluptas eius aut provident.', 2, '2020-05-31 04:47:27', '2020-05-31 04:47:27'),
(83, 17, 'Cory Ullrich', 'Qui tenetur corrupti quos nobis impedit necessitatibus. Voluptas ut a dignissimos. Sint sit ea voluptas iusto sint et praesentium.', 2, '2020-05-31 04:47:27', '2020-05-31 04:47:27'),
(84, 41, 'Dawson Robel', 'Et et quaerat ut alias commodi. Harum est dolores dicta id quo. Quia sunt dolores fugiat inventore sed enim at.', 2, '2020-05-31 04:47:27', '2020-05-31 04:47:27'),
(85, 10, 'Josefa Keebler', 'Ut velit aut consectetur accusamus. Et voluptas vero eaque. Enim accusantium temporibus rem voluptatum sit mollitia.', 0, '2020-05-31 04:47:27', '2020-05-31 04:47:27'),
(86, 85, 'Corbin Rath', 'Vitae nihil qui pariatur quia voluptatem quod. Voluptatem molestias et ut dolorem aspernatur enim et ipsa. Consequatur sapiente vel molestias nihil.', 2, '2020-05-31 04:47:27', '2020-05-31 04:47:27'),
(87, 100, 'Miss Alaina Sporer V', 'Dolorem odit aut alias quia a quia enim omnis. Tenetur non nihil et doloribus. Nesciunt reiciendis aut in. Et nesciunt aperiam blanditiis temporibus.', 3, '2020-05-31 04:47:27', '2020-05-31 04:47:27'),
(88, 82, 'Bryana Beer', 'Ut autem repellat odit quaerat. Enim facilis molestiae distinctio labore modi distinctio pariatur. Laborum at aut qui odio aut. Consequatur a voluptatem omnis autem fugiat ratione corrupti.', 3, '2020-05-31 04:47:27', '2020-05-31 04:47:27'),
(89, 58, 'Arvid Nolan I', 'Temporibus porro vitae aut cum. Dolorem voluptatem id sunt officiis. Quisquam vitae sit reiciendis cupiditate aspernatur.', 1, '2020-05-31 04:47:27', '2020-05-31 04:47:27'),
(90, 8, 'Federico Larkin', 'Iste veritatis qui aut consequatur quae. Ut blanditiis facilis sed est iusto. Nobis expedita ut commodi.', 1, '2020-05-31 04:47:27', '2020-05-31 04:47:27'),
(91, 46, 'Danyka Carter', 'Et asperiores consectetur non voluptatum et. Eaque et minus aut rem quos mollitia dolores. Est libero voluptatibus ea et consequatur magnam commodi. Eveniet nisi aut ex unde et iste neque rerum.', 5, '2020-05-31 04:47:27', '2020-05-31 04:47:27'),
(92, 41, 'Prof. Sienna Sporer DVM', 'Quam et id repellendus voluptates sit. Autem et assumenda aperiam dignissimos. Aliquid perspiciatis iste et qui velit ut quisquam.', 5, '2020-05-31 04:47:27', '2020-05-31 04:47:27'),
(93, 91, 'Roslyn Stiedemann', 'Numquam autem enim soluta autem. Neque quos officiis et sit et animi. Ipsam ea illo et. Eum in tempore odit rerum amet neque consequatur.', 0, '2020-05-31 04:47:27', '2020-05-31 04:47:27'),
(94, 45, 'Candido Wisozk', 'Aut minima placeat voluptas commodi consequuntur corrupti vel. Dolores et accusantium aut minus necessitatibus incidunt. Dolor natus ducimus consequuntur velit ut.', 4, '2020-05-31 04:47:27', '2020-05-31 04:47:27'),
(95, 99, 'Alysha Konopelski', 'Magni suscipit eum qui id enim consequuntur. Dolor sunt ducimus tenetur ex rem dolor totam voluptates. Accusamus qui qui occaecati quaerat.', 4, '2020-05-31 04:47:27', '2020-05-31 04:47:27'),
(96, 24, 'Allie Mante', 'Excepturi nemo ut dolore eligendi non. Expedita rerum provident voluptate consequatur ipsa architecto commodi dolore. Nam explicabo doloribus iusto et et at eligendi. Dolores error velit aliquid quo beatae ea.', 0, '2020-05-31 04:47:27', '2020-05-31 04:47:27'),
(97, 34, 'Ignacio Miller', 'Dolore voluptatem et non qui. Molestiae eos corrupti et ut eveniet iusto saepe. Vel aliquid neque eum nulla qui.', 1, '2020-05-31 04:47:27', '2020-05-31 04:47:27'),
(98, 38, 'Presley Schowalter', 'Tenetur perferendis culpa reprehenderit molestiae non. Id natus quas et fugit commodi at error. Vitae non sit inventore ipsam ab. Vitae voluptatem consequatur eius a eos commodi.', 0, '2020-05-31 04:47:27', '2020-05-31 04:47:27'),
(99, 80, 'Micheal Graham', 'Culpa deleniti quae nulla labore consequatur in. Architecto voluptatem natus aut qui quia necessitatibus. Soluta magni aut amet occaecati unde quas aut. Porro veniam esse quos non eius et.', 3, '2020-05-31 04:47:27', '2020-05-31 04:47:27'),
(100, 9, 'Dorothy Price', 'Maiores in esse tempore autem. Veniam laboriosam est voluptatibus voluptas distinctio quia sint. Sit esse molestias eligendi delectus deleniti est enim in. Natus et at quasi sit.', 5, '2020-05-31 04:47:27', '2020-05-31 04:47:27'),
(101, 69, 'Jarvis Trantow', 'Nisi dolorem laudantium dolores laborum nihil. Eius explicabo temporibus aliquam molestiae dolor. Et enim vero perferendis. Repellendus harum qui laborum delectus aut qui.', 1, '2020-05-31 04:47:27', '2020-05-31 04:47:27'),
(102, 62, 'Dr. Salvador Lebsack PhD', 'Ut est modi ex ipsa. Nam dolore molestias sint sit possimus perspiciatis. Nisi est tempore in itaque accusamus quia. Ad et et sit reiciendis.', 1, '2020-05-31 04:47:27', '2020-05-31 04:47:27'),
(103, 88, 'Dr. Jaren Schaden', 'Minus qui quam harum ipsa suscipit. Et est qui sed fugiat qui. Laudantium alias optio quia dolorum non quisquam delectus.', 3, '2020-05-31 04:47:27', '2020-05-31 04:47:27'),
(104, 41, 'Dr. Anne McGlynn Sr.', 'Asperiores quia ratione iusto nisi. Labore illo quia enim qui. Laboriosam aut sit omnis illum. Repellat ut architecto blanditiis sit iusto sit.', 0, '2020-05-31 04:47:27', '2020-05-31 04:47:27'),
(105, 22, 'Prof. Edison Thiel', 'Quas in consequatur sunt dicta sit hic. Temporibus praesentium quidem neque corrupti totam ex. Asperiores quo fuga rerum non quo doloremque.', 5, '2020-05-31 04:47:27', '2020-05-31 04:47:27'),
(106, 98, 'Santina Breitenberg', 'Eum itaque et nam. Eos sequi esse corporis. Enim sed nemo officia cumque maiores. Ipsum architecto accusamus rerum harum cum maxime.', 2, '2020-05-31 04:47:27', '2020-05-31 04:47:27'),
(107, 11, 'Nigel Anderson IV', 'Error qui commodi ad illum saepe. Voluptatem consequatur dolor consequatur. Eaque quia officia vero. Ad id fugit sunt quibusdam error veniam.', 1, '2020-05-31 04:47:27', '2020-05-31 04:47:27'),
(108, 74, 'Wendell Steuber', 'Error ipsum ut at fugiat. Animi laboriosam autem consequatur laboriosam. Qui eaque labore sed alias quam. Excepturi et excepturi quam eos amet cumque temporibus.', 3, '2020-05-31 04:47:27', '2020-05-31 04:47:27'),
(109, 71, 'Janis Schimmel', 'Vitae incidunt labore voluptas nesciunt enim. Sed consequuntur sint unde incidunt eius facere commodi. Maxime minus quaerat suscipit est molestiae. Culpa dignissimos sed enim aut.', 3, '2020-05-31 04:47:27', '2020-05-31 04:47:27'),
(110, 82, 'Mrs. Bella Walker', 'Ullam quibusdam dolor ut animi qui. Quis aut ea sit quis. Quam dolorem officiis provident saepe aut in.', 0, '2020-05-31 04:47:27', '2020-05-31 04:47:27'),
(111, 48, 'Dr. Morris Terry', 'Magnam culpa consequuntur blanditiis rerum temporibus harum autem animi. Dolor nam et natus dolores est. Aut mollitia sapiente natus eveniet necessitatibus dolore. Id deserunt quos consectetur ut ipsa debitis.', 3, '2020-05-31 04:47:27', '2020-05-31 04:47:27'),
(112, 34, 'Alexandrea Sawayn', 'Delectus maxime omnis nihil quaerat aperiam sequi et. Non cum ab eos. Ut sint aut dolorem numquam voluptatum nihil.', 5, '2020-05-31 04:47:27', '2020-05-31 04:47:27'),
(113, 69, 'Kristina VonRueden', 'Aspernatur quas autem nostrum quo quam tempore. Quis quas ut voluptatum magnam ipsum. Et fuga beatae quo omnis at voluptatem ratione. Accusantium veniam et quod.', 3, '2020-05-31 04:47:27', '2020-05-31 04:47:27'),
(114, 80, 'Cordia Bailey', 'Tempora libero alias et commodi accusantium nobis qui. Qui ut eius quis ipsum consequuntur. Aspernatur nemo dolores earum fugit id.', 3, '2020-05-31 04:47:27', '2020-05-31 04:47:27'),
(115, 5, 'Jimmy Boyle', 'Voluptates animi incidunt et quis quibusdam velit qui architecto. Deserunt sequi incidunt facilis necessitatibus vel ut harum. Doloremque optio facere suscipit. Maiores ut et eos sed.', 2, '2020-05-31 04:47:28', '2020-05-31 04:47:28'),
(116, 19, 'Zella Mante', 'Maxime officia ipsam quis. Cupiditate in in consequatur sed aut quia. Natus facilis eum sapiente nemo tenetur officia. Dolores quia optio magni ut nemo.', 2, '2020-05-31 04:47:28', '2020-05-31 04:47:28'),
(117, 70, 'Dr. Sydney Hagenes', 'Mollitia est qui non nihil vel rerum. Numquam alias placeat optio. Quod aut iure ratione possimus sunt non.', 0, '2020-05-31 04:47:28', '2020-05-31 04:47:28'),
(118, 64, 'Demarcus Bartoletti', 'Sapiente cum doloremque voluptatem eos dolor ut. Saepe qui dolores similique quasi. Officiis illum animi delectus adipisci. Et facilis modi voluptas reiciendis.', 0, '2020-05-31 04:47:28', '2020-05-31 04:47:28'),
(119, 45, 'Mr. Trevor Heaney DVM', 'Sequi molestiae ea temporibus sit ut eaque. Natus quis et voluptatum perspiciatis exercitationem. Repellat impedit qui velit dolorem architecto eos nesciunt.', 1, '2020-05-31 04:47:28', '2020-05-31 04:47:28'),
(120, 12, 'Janice Koss III', 'Aut qui ea sit et quia fugiat aut. Fuga quo vitae sint quos eligendi error est iure. Nihil rem voluptates voluptate.', 4, '2020-05-31 04:47:28', '2020-05-31 04:47:28'),
(121, 84, 'Jaida Stracke', 'Illum voluptatem sapiente nemo saepe velit omnis quo. Porro ut praesentium ducimus doloribus amet. Voluptas exercitationem voluptatem aut.', 4, '2020-05-31 04:47:28', '2020-05-31 04:47:28'),
(122, 79, 'Prof. Nettie Ortiz', 'Asperiores qui quibusdam fugiat enim minima eum reiciendis. Inventore dolor culpa dolorum cupiditate aliquam et. Eligendi blanditiis eum explicabo omnis. Totam exercitationem aut non ea iste.', 5, '2020-05-31 04:47:28', '2020-05-31 04:47:28'),
(123, 18, 'Mr. Chandler Schamberger Jr.', 'Repellendus error autem voluptatem veritatis repellat. Voluptas non quia atque culpa vitae quo eius.', 4, '2020-05-31 04:47:28', '2020-05-31 04:47:28'),
(124, 90, 'Constantin Cartwright', 'Quia rerum ut distinctio harum ducimus cupiditate repellendus dolor. Cumque ut sint repellendus.', 2, '2020-05-31 04:47:28', '2020-05-31 04:47:28'),
(125, 43, 'Alyce Brakus', 'Qui error id repellendus iste. Ut eos iure accusamus et est omnis fugiat est. Dolorum omnis ad fugit.', 0, '2020-05-31 04:47:28', '2020-05-31 04:47:28'),
(126, 90, 'Prof. Gustave Balistreri IV', 'Voluptatem ipsam expedita voluptatem expedita voluptas corporis. In aut fugit sint recusandae corrupti voluptatem id optio. Ut velit est consectetur non fuga laborum.', 0, '2020-05-31 04:47:28', '2020-05-31 04:47:28'),
(127, 75, 'Vivienne Barton', 'Voluptas porro fuga sunt et. Iste recusandae non rerum et aut dicta est. Et quos tenetur quas quia eum quia. Hic illo repudiandae odio accusamus numquam. Et sed ipsa consequuntur dolores.', 0, '2020-05-31 04:47:28', '2020-05-31 04:47:28'),
(128, 71, 'Dejah Goyette', 'Ut aliquam voluptatem ut at adipisci. Culpa qui eligendi corrupti. Cupiditate doloribus dolores aut deleniti quia ad impedit. Delectus magnam et provident possimus dolorem at ea exercitationem. Possimus ratione officiis eos sequi voluptas necessitatibus.', 1, '2020-05-31 04:47:28', '2020-05-31 04:47:28'),
(129, 25, 'Montana Morar', 'Maiores voluptas sit voluptate harum. Autem quos officiis quam qui et. Voluptates quibusdam ea nesciunt laudantium rem.', 0, '2020-05-31 04:47:28', '2020-05-31 04:47:28'),
(130, 91, 'Elenora Balistreri', 'Molestiae voluptatem eveniet assumenda nam natus. Qui qui molestiae temporibus nihil. Atque iusto voluptas quo eum dolor eum. Et eos aperiam quas tempore. Dolor expedita error molestiae hic.', 5, '2020-05-31 04:47:28', '2020-05-31 04:47:28'),
(131, 34, 'Krystina Kunze', 'Similique tempore ea qui enim numquam incidunt earum natus. Sit similique et cum nulla doloremque qui amet. Voluptatem quia dolorem a officia. Nihil maiores fugiat adipisci reiciendis quia. Et quo quam dolor qui beatae.', 4, '2020-05-31 04:47:28', '2020-05-31 04:47:28'),
(132, 8, 'Minnie Cummerata', 'Maxime impedit fuga aliquam sint accusamus aut consequatur. Et qui voluptatem maxime dolor aut.', 1, '2020-05-31 04:47:28', '2020-05-31 04:47:28'),
(133, 64, 'Virgie Schaefer', 'Ipsa iste necessitatibus esse aut aut animi soluta. Officia omnis velit sapiente totam accusamus perferendis.', 4, '2020-05-31 04:47:28', '2020-05-31 04:47:28'),
(134, 37, 'Ms. Ebba Marks', 'Velit qui veniam architecto quia et dolorum quia. Labore aliquid explicabo voluptatum qui.', 0, '2020-05-31 04:47:28', '2020-05-31 04:47:28'),
(135, 69, 'Prof. Vesta Olson IV', 'Facilis sequi architecto quisquam inventore possimus. Dolorem sit voluptatem et mollitia et maxime. Soluta natus voluptatem dolorum dolorem quo. Ea explicabo quas enim et magni blanditiis rerum et.', 2, '2020-05-31 04:47:28', '2020-05-31 04:47:28'),
(136, 29, 'Dr. Mossie Yundt MD', 'Consectetur deserunt fugiat consequatur quos. Numquam quibusdam velit ut. Magni similique mollitia delectus dolores qui.', 2, '2020-05-31 04:47:28', '2020-05-31 04:47:28'),
(137, 61, 'Wilfredo Barrows', 'Quod quibusdam eaque est eligendi ex. Ratione cumque debitis consequatur ut atque. Et maxime et deleniti soluta est. Omnis facere ipsum consequatur est molestiae. Aliquam reiciendis est quam voluptatem aut aut veniam.', 3, '2020-05-31 04:47:28', '2020-05-31 04:47:28'),
(138, 20, 'Avery Stark III', 'Quae ullam voluptates nesciunt sed qui. Nihil provident quia adipisci porro corporis debitis. Sit est nobis error. Qui animi dolores voluptas quidem enim.', 3, '2020-05-31 04:47:28', '2020-05-31 04:47:28'),
(139, 91, 'Neoma Cronin I', 'Nisi illo eligendi reprehenderit consequatur voluptatibus et neque. Occaecati minus quia ipsam voluptas ea ad et necessitatibus. Sint maiores neque ducimus doloribus. Amet quam perspiciatis eos molestiae.', 0, '2020-05-31 04:47:28', '2020-05-31 04:47:28'),
(140, 77, 'Myra Schaefer', 'Asperiores saepe sed quas et quas est molestias. Rerum adipisci deleniti quis quae quasi. Error a fugit et commodi iusto. Error et quaerat praesentium rem sit.', 4, '2020-05-31 04:47:28', '2020-05-31 04:47:28'),
(141, 74, 'Alessandra Breitenberg DDS', 'Consectetur possimus minus ad nesciunt blanditiis sed ab. Fugiat recusandae occaecati blanditiis sunt quia. Accusamus tempora ex repudiandae est sed sunt quo. Quasi rerum deserunt sit amet.', 3, '2020-05-31 04:47:28', '2020-05-31 04:47:28'),
(142, 100, 'Trace Parker Sr.', 'Saepe perferendis corrupti quo. Adipisci alias delectus libero voluptate expedita numquam. Adipisci laborum corporis autem ratione assumenda.', 1, '2020-05-31 04:47:28', '2020-05-31 04:47:28'),
(143, 13, 'Assunta Mueller', 'Et atque mollitia et voluptatum sunt quia. Sed fugit nulla soluta quidem eaque. Assumenda aut ratione maxime nihil.', 2, '2020-05-31 04:47:28', '2020-05-31 04:47:28'),
(144, 8, 'Noel Witting', 'Pariatur iste ut blanditiis. Ut exercitationem officiis quia consequatur et esse perferendis quis. Ut dolorum iusto ut aliquid dolore. Quasi nostrum deleniti sint nobis aut saepe.', 2, '2020-05-31 04:47:28', '2020-05-31 04:47:28'),
(145, 26, 'Judah Padberg', 'Eaque itaque quo id fugit exercitationem magnam. Eum asperiores sunt repudiandae tempore ad aliquam iusto. Impedit dolor odit labore. Quas et id dolore distinctio laudantium eum.', 4, '2020-05-31 04:47:28', '2020-05-31 04:47:28'),
(146, 56, 'Scot Langworth', 'Enim sed dolor et soluta et magnam pariatur explicabo. Exercitationem et corporis voluptas ea aut. Veritatis pariatur qui in nam cumque.', 3, '2020-05-31 04:47:28', '2020-05-31 04:47:28'),
(147, 77, 'Sheridan Streich', 'Quidem et rerum magni perferendis. Quasi et adipisci sunt. Sed molestias voluptas exercitationem itaque.', 4, '2020-05-31 04:47:28', '2020-05-31 04:47:28'),
(148, 24, 'Ahmad Jenkins DVM', 'Aut ullam voluptatem at harum itaque sapiente numquam et. Qui qui dolorem ipsam iusto nemo voluptatem. Odit veniam minima quia odit qui. Asperiores sit aut pariatur soluta et voluptas in. Itaque quia aut aut deleniti dolor et.', 0, '2020-05-31 04:47:28', '2020-05-31 04:47:28'),
(149, 67, 'Miss Joy Pagac DDS', 'Repellat aut temporibus autem aperiam nihil alias quibusdam voluptatem. Ducimus commodi quia fuga occaecati atque omnis. Consequatur inventore asperiores sunt sed illo non ut. Quo officiis voluptatibus nulla et aliquam.', 3, '2020-05-31 04:47:28', '2020-05-31 04:47:28'),
(150, 75, 'Ciara Adams', 'Sed ratione optio impedit ut ipsa commodi corrupti. Qui maiores mollitia blanditiis excepturi. Ipsam temporibus voluptatem aut quibusdam inventore explicabo.', 4, '2020-05-31 04:47:28', '2020-05-31 04:47:28'),
(151, 58, 'Gisselle Sawayn', 'Voluptas id enim repellendus ea et illo. Ex assumenda mollitia pariatur reprehenderit qui hic dicta. Cupiditate non quia ea aut.', 3, '2020-05-31 04:47:29', '2020-05-31 04:47:29'),
(152, 18, 'Stewart Douglas I', 'Sed a rerum eum sed harum sint ut. Quibusdam odio deleniti sunt ducimus recusandae qui earum. Qui enim et eius animi. Sint aut qui error sunt ab.', 2, '2020-05-31 04:47:29', '2020-05-31 04:47:29'),
(153, 89, 'Tia Kunde', 'Eos provident qui eius libero eum. Voluptatem eveniet beatae accusantium ut. Sunt qui laudantium eum distinctio nihil ipsa quia. Voluptatibus sit consequatur est aliquid.', 4, '2020-05-31 04:47:29', '2020-05-31 04:47:29'),
(154, 72, 'Mrs. April Pouros', 'Explicabo laborum voluptates quibusdam ut maxime sint non non. Eaque sunt quis voluptas ut animi et. Quibusdam unde consectetur repellat reprehenderit. Omnis aut facere aut eos aut voluptas. Alias provident harum rerum molestias et vero.', 3, '2020-05-31 04:47:29', '2020-05-31 04:47:29'),
(155, 54, 'Eldridge Dach', 'Hic necessitatibus ut porro in exercitationem magnam ipsa. Ea repellat qui dolorem libero a quia soluta. Unde soluta corporis explicabo laboriosam consequatur quia modi.', 0, '2020-05-31 04:47:29', '2020-05-31 04:47:29'),
(156, 76, 'Nathanial Koelpin', 'Tenetur cupiditate libero libero et. Sed molestiae impedit doloribus. Officia vitae architecto autem ipsam nulla sequi cupiditate. Qui sapiente repellendus quasi odit et dolor ad.', 0, '2020-05-31 04:47:29', '2020-05-31 04:47:29'),
(157, 17, 'Dr. Ansley Vandervort', 'Rerum repellat aliquid saepe alias qui. Impedit dolor perspiciatis consequuntur non sunt facilis mollitia cumque. Omnis ratione aut mollitia sapiente nihil dolor.', 4, '2020-05-31 04:47:29', '2020-05-31 04:47:29'),
(158, 85, 'Laila Quitzon', 'Eius est ut rem ex. Et placeat porro excepturi blanditiis nostrum. Quasi dolores ea et quo in.', 4, '2020-05-31 04:47:29', '2020-05-31 04:47:29'),
(159, 79, 'Mr. Julius Gaylord', 'Reiciendis quaerat laudantium consequatur minus. Voluptate aut ea est. Dolorem quis fugiat expedita cumque omnis reiciendis vero. Non exercitationem id nulla corrupti.', 4, '2020-05-31 04:47:29', '2020-05-31 04:47:29'),
(160, 45, 'Dr. Kim Gleason', 'Nam veritatis facilis dolor doloremque quidem et vel dicta. Nihil ut voluptatem hic magnam. Consequuntur occaecati officia voluptas error sed.', 0, '2020-05-31 04:47:29', '2020-05-31 04:47:29'),
(161, 61, 'Dr. Elvis Carroll', 'Suscipit aliquid provident qui et maiores. A dignissimos qui itaque doloremque ipsa.', 5, '2020-05-31 04:47:29', '2020-05-31 04:47:29'),
(162, 54, 'Elda Gottlieb', 'Exercitationem animi consequatur sint iure. Doloribus tempore et quo impedit et odio deserunt harum. Tenetur at et id praesentium et. Enim ut sed fugiat quaerat non velit.', 1, '2020-05-31 04:47:29', '2020-05-31 04:47:29'),
(163, 17, 'Milton Rau MD', 'Iusto iusto neque at sunt dolorem. Nihil dolores quia pariatur voluptate. Error voluptate expedita cumque et voluptatum nihil.', 4, '2020-05-31 04:47:29', '2020-05-31 04:47:29'),
(164, 7, 'Addison Maggio', 'Molestias autem modi quo reiciendis impedit ipsa animi. Consequatur cumque quia fuga consequatur odit. Nihil officia quia animi blanditiis deserunt laudantium modi.', 4, '2020-05-31 04:47:29', '2020-05-31 04:47:29'),
(165, 52, 'Morton Cartwright', 'Nemo molestiae debitis id aut. Architecto autem accusantium ut facilis. Blanditiis eaque inventore repellendus omnis temporibus aut laborum inventore. Officiis quia ea totam qui est.', 3, '2020-05-31 04:47:29', '2020-05-31 04:47:29'),
(166, 98, 'Etha Pfeffer', 'Vitae occaecati sint in reprehenderit doloribus rerum facere. Esse ab consequuntur amet consequatur iste maiores. Vel eum ut aperiam libero. Qui laborum voluptas voluptatem qui.', 1, '2020-05-31 04:47:29', '2020-05-31 04:47:29'),
(167, 82, 'Lucio Hill DVM', 'Sit perferendis qui deleniti quasi. Voluptate impedit ab delectus. Quod eligendi repellendus quam et aspernatur quia. Voluptatum eaque sed quasi et temporibus.', 1, '2020-05-31 04:47:29', '2020-05-31 04:47:29'),
(168, 10, 'Isobel Beer', 'Et voluptatem quis eos vel. Sed ut laboriosam minima dolores. Unde modi exercitationem quasi optio. Facere aliquam exercitationem alias vitae ratione et. Tenetur beatae ut voluptate totam laboriosam amet ipsam.', 2, '2020-05-31 04:47:29', '2020-05-31 04:47:29'),
(169, 52, 'Regan Baumbach', 'Rem omnis ab numquam nulla amet mollitia consectetur. Voluptatum eligendi illum voluptates cupiditate. Ut veritatis suscipit veritatis.', 3, '2020-05-31 04:47:29', '2020-05-31 04:47:29'),
(170, 96, 'Roberto Schuppe Sr.', 'Dolores quia voluptatem quis vel libero. Quidem deleniti dolores qui exercitationem explicabo sint tempore. Quis et est provident non sequi suscipit voluptatem. Et aspernatur et debitis corporis quasi.', 2, '2020-05-31 04:47:29', '2020-05-31 04:47:29'),
(171, 99, 'Prof. Jeffery Glover', 'Facilis beatae deleniti voluptatibus aut totam. Et illo iste quam quo dolorum ut aut. Maiores autem iusto magnam quia facere. Consequatur quia vero placeat possimus. Repellendus quas in autem non eum voluptas.', 0, '2020-05-31 04:47:29', '2020-05-31 04:47:29'),
(172, 72, 'Ayden Price', 'Qui ullam facere id officiis officia assumenda possimus maiores. Reprehenderit inventore et quasi assumenda. Id officiis magni ut harum eaque repellendus ut. Commodi autem iure culpa molestias.', 0, '2020-05-31 04:47:29', '2020-05-31 04:47:29'),
(173, 14, 'Katlyn Metz', 'Magnam beatae inventore ea quaerat dicta omnis iure. Incidunt dolorem ut in at ipsum. Ea voluptatum recusandae iure ex. Est dolore sapiente odio veritatis deserunt.', 1, '2020-05-31 04:47:29', '2020-05-31 04:47:29'),
(174, 68, 'Effie Stamm', 'Ea quia et voluptas qui velit magni. Id magnam perspiciatis nostrum. Veniam ratione recusandae dolor suscipit deserunt ad.', 0, '2020-05-31 04:47:29', '2020-05-31 04:47:29'),
(175, 14, 'Stephan Watsica', 'Consequatur sit et culpa. Quasi quas sed debitis unde officia et doloribus nesciunt. Doloribus dignissimos optio est sit nostrum commodi.', 5, '2020-05-31 04:47:29', '2020-05-31 04:47:29'),
(176, 25, 'Samir Williamson', 'Doloribus aut ratione in. Est repellendus dolorem rerum in. Omnis incidunt laboriosam quo quam in.', 1, '2020-05-31 04:47:29', '2020-05-31 04:47:29'),
(177, 31, 'Mr. Dereck Rolfson Sr.', 'Laboriosam magni veritatis rem aspernatur voluptate. Inventore corporis et accusantium sed doloremque. Quasi rerum et laboriosam laudantium ipsam qui quos. Dolores itaque animi veniam qui.', 0, '2020-05-31 04:47:29', '2020-05-31 04:47:29'),
(178, 27, 'Alta Schuppe', 'Qui placeat culpa aut aut aspernatur distinctio. Eaque labore temporibus sunt officia quibusdam. Autem quaerat sed dolorum deserunt. Nulla eius dicta culpa aut possimus provident.', 4, '2020-05-31 04:47:29', '2020-05-31 04:47:29'),
(179, 23, 'Dr. Logan Bode', 'Illum nemo aut necessitatibus minima debitis quaerat. Tempore necessitatibus temporibus dolorem molestias aut. Velit est temporibus non ut non at error voluptatibus. Occaecati vel error placeat esse alias.', 2, '2020-05-31 04:47:29', '2020-05-31 04:47:29'),
(180, 44, 'Santos Emard', 'Illum reiciendis cupiditate aut voluptatem quia soluta. Asperiores explicabo alias dolore doloremque et. Enim necessitatibus corrupti fugit voluptas qui numquam veniam quia. Qui atque tempora veritatis magnam.', 5, '2020-05-31 04:47:29', '2020-05-31 04:47:29'),
(181, 74, 'Taurean Koss', 'Eaque provident dolores voluptatem repellendus et. Est et quo sit quod quas atque est. Eos occaecati alias consequatur iusto magnam est. Accusantium molestiae dolorum ut.', 4, '2020-05-31 04:47:29', '2020-05-31 04:47:29'),
(182, 74, 'Mr. Henderson Brakus MD', 'Impedit accusantium iure ut. Dolorum magni excepturi aut saepe est et expedita. Facere autem natus sit possimus enim quidem doloribus. Qui molestiae nulla quaerat impedit.', 0, '2020-05-31 04:47:29', '2020-05-31 04:47:29'),
(183, 54, 'Madelynn Satterfield', 'Nobis qui qui itaque et iste. Et est doloribus perspiciatis qui repudiandae quia voluptatem animi. Velit sunt eligendi quas minima velit quos. Quia nam rerum sint voluptas.', 3, '2020-05-31 04:47:29', '2020-05-31 04:47:29'),
(184, 6, 'Maia Shanahan II', 'Ut iste rerum et ab natus. Maxime excepturi id qui error nisi sint sed ut. Beatae delectus eos est doloribus rem nostrum. Neque quia quod nostrum repellat est.', 2, '2020-05-31 04:47:29', '2020-05-31 04:47:29'),
(185, 60, 'Ms. Jennifer Simonis I', 'Est minus ut quas a. Dolor perspiciatis asperiores officiis magnam fuga non. Dolor eveniet illo nam nesciunt ut voluptatem dolores expedita. Consequatur unde eum mollitia voluptatem.', 2, '2020-05-31 04:47:29', '2020-05-31 04:47:29'),
(186, 5, 'Dr. Jonas Wunsch', 'Ab provident similique rerum laborum. Modi facilis ullam quia est sed consequatur. Qui minus et autem beatae quibusdam.', 1, '2020-05-31 04:47:29', '2020-05-31 04:47:29'),
(187, 13, 'Joe Marvin', 'Qui sed sint adipisci veritatis vero non voluptatum amet. Voluptatibus vel qui mollitia ea. Quae esse excepturi excepturi quia est. Eaque optio voluptatum sunt tempore.', 1, '2020-05-31 04:47:30', '2020-05-31 04:47:30'),
(188, 13, 'Matilda Schaden', 'Quaerat inventore sunt laudantium sed suscipit. Facere tempore consequatur impedit exercitationem provident. Unde voluptatem doloremque ut.', 5, '2020-05-31 04:47:30', '2020-05-31 04:47:30'),
(189, 83, 'Oleta Nicolas Sr.', 'Magnam amet a consequuntur aut et. Earum et est omnis aperiam est aspernatur officiis laborum. Ipsa quam et porro iure ea. Et eligendi voluptatem architecto voluptatem delectus odio.', 3, '2020-05-31 04:47:30', '2020-05-31 04:47:30'),
(190, 54, 'Dayne Crooks', 'Est doloribus nobis beatae. Et dolorem tempora facilis repudiandae consequatur dolor quae occaecati.', 5, '2020-05-31 04:47:30', '2020-05-31 04:47:30'),
(191, 89, 'Ethan Nitzsche Jr.', 'Impedit quam ut perspiciatis quis. Possimus mollitia officia eius rem et voluptatum nisi. In perspiciatis eum beatae eligendi ex. Non ratione ipsum officiis dolor accusamus quibusdam molestiae vel.', 5, '2020-05-31 04:47:30', '2020-05-31 04:47:30'),
(192, 75, 'Hallie Schroeder', 'Nobis sapiente quo aut officia. Aliquid et magnam sit vel aspernatur quis sint. In laboriosam facere tempora atque rerum assumenda exercitationem unde.', 5, '2020-05-31 04:47:30', '2020-05-31 04:47:30'),
(193, 41, 'Efrain Mayer', 'Explicabo enim vero consequatur ullam et ut id. Adipisci labore non eaque sunt perferendis. Est quia et sunt.', 5, '2020-05-31 04:47:30', '2020-05-31 04:47:30'),
(194, 24, 'Kaela Doyle I', 'Dolores modi itaque repudiandae sed aut. Repellendus quisquam autem ea non non. Fuga hic iure vitae sint eum qui adipisci.', 3, '2020-05-31 04:47:30', '2020-05-31 04:47:30'),
(195, 76, 'Clint Wuckert MD', 'Expedita amet eos ut omnis. Quo ut ducimus consequatur nobis est assumenda ab. Autem et molestiae consequatur.', 0, '2020-05-31 04:47:30', '2020-05-31 04:47:30'),
(196, 23, 'Rusty Monahan', 'Non odio iure vel beatae omnis. Natus omnis inventore aut similique nam aut. Illo necessitatibus architecto numquam porro illo officia.', 0, '2020-05-31 04:47:30', '2020-05-31 04:47:30'),
(197, 14, 'Sammie Bartoletti', 'Rerum quia placeat optio reiciendis quisquam. Exercitationem nihil id voluptatibus adipisci quis eos.', 5, '2020-05-31 04:47:30', '2020-05-31 04:47:30'),
(198, 41, 'Katharina Ullrich', 'Libero ut distinctio officia asperiores vel eos soluta sint. Labore quia vel labore consequatur harum reiciendis saepe. Voluptate voluptate quia at voluptates error. Quasi iure voluptatem et ducimus ex.', 4, '2020-05-31 04:47:30', '2020-05-31 04:47:30'),
(199, 16, 'Abbie Dooley', 'Laboriosam quae non consequatur aut quas ut. Quae minima nisi qui neque et corporis qui. Voluptas aut officiis magnam qui.', 1, '2020-05-31 04:47:30', '2020-05-31 04:47:30'),
(200, 42, 'Sigurd Osinski Sr.', 'Possimus corrupti voluptates veritatis sunt quidem. Sed assumenda animi aut repudiandae veniam sequi. Est fugiat doloribus provident est repudiandae. Ut nobis consequatur pariatur maiores fugiat doloribus a. Voluptas soluta architecto ut magnam.', 0, '2020-05-31 04:47:30', '2020-05-31 04:47:30'),
(201, 45, 'Dr. Royce Rutherford', 'Eum quisquam aliquam hic sed ducimus vel molestias. Nam sit sed assumenda ipsa. Omnis inventore sint veniam ut. Praesentium minima quas aspernatur dignissimos quam et.', 5, '2020-05-31 04:47:30', '2020-05-31 04:47:30'),
(202, 81, 'Mrs. Matilda Stroman', 'Et veniam totam culpa vitae totam in dolore. Quibusdam repellat quod reiciendis magnam ad. Adipisci sit ipsa nisi aut deserunt dolorem aut. Aut rerum vero et.', 4, '2020-05-31 04:47:30', '2020-05-31 04:47:30'),
(203, 30, 'Mrs. Mylene Trantow', 'Laboriosam harum debitis porro voluptatem. Atque ad aperiam magnam dolor earum. Molestiae voluptatem et est ad excepturi.', 4, '2020-05-31 04:47:30', '2020-05-31 04:47:30'),
(204, 76, 'Miss Mariana Bashirian V', 'Et dolores et cumque facere sit porro dolorem. Error nulla voluptas aut. Qui rerum sit perferendis. Velit ex qui sit.', 1, '2020-05-31 04:47:30', '2020-05-31 04:47:30'),
(205, 5, 'Dr. Telly Zemlak III', 'Tempore minus est occaecati unde animi cum. Nihil qui occaecati alias autem quaerat. Esse enim suscipit dicta animi.', 1, '2020-05-31 04:47:30', '2020-05-31 04:47:30'),
(206, 25, 'Helga O\'Keefe I', 'Et error facere perferendis rerum reiciendis. Porro et quisquam possimus in molestias non voluptatem nobis. Sint qui voluptatibus maxime hic debitis occaecati.', 4, '2020-05-31 04:47:30', '2020-05-31 04:47:30'),
(207, 61, 'Nelda Batz', 'Quibusdam earum sint explicabo quo vel. Iste expedita dolore porro eum. Quisquam neque cum sequi aut.', 0, '2020-05-31 04:47:30', '2020-05-31 04:47:30'),
(208, 34, 'Branson Mayer', 'Et incidunt delectus quae exercitationem voluptas. Officiis sed eligendi adipisci omnis et voluptatem nobis. Totam nisi debitis nemo vel. Iste occaecati ut excepturi et accusantium ut aut.', 1, '2020-05-31 04:47:30', '2020-05-31 04:47:30'),
(209, 99, 'Tressa Hartmann', 'Necessitatibus et quod consectetur. Quisquam corrupti inventore et et deserunt saepe asperiores. Iusto vel commodi amet praesentium nisi. Quaerat voluptatem magni a qui ipsa eos.', 0, '2020-05-31 04:47:30', '2020-05-31 04:47:30'),
(210, 67, 'Minerva Leannon', 'Fugiat nemo et et adipisci eaque. Explicabo aut et aut suscipit cupiditate et.', 2, '2020-05-31 04:47:30', '2020-05-31 04:47:30');
INSERT INTO `reviews` (`id`, `product_id`, `customer`, `review`, `star`, `created_at`, `updated_at`) VALUES
(211, 74, 'Emmanuelle Waters DDS', 'Illum saepe ut ipsum minima dicta. Optio aut ipsam similique voluptatem est eum nihil dolorem. Aut rerum autem modi ut nihil autem aut asperiores. Sint sit autem voluptatibus veniam mollitia rerum dignissimos.', 0, '2020-05-31 04:47:30', '2020-05-31 04:47:30'),
(212, 3, 'Leo Konopelski', 'Vero rem sint eaque necessitatibus amet natus. Voluptatibus et omnis facilis non voluptas. Cum aut laboriosam aut magni impedit.', 5, '2020-05-31 04:47:30', '2020-05-31 04:47:30'),
(213, 4, 'Samir Stiedemann PhD', 'Veritatis et enim sit beatae odit ipsum eos. Aut dolor velit delectus voluptatem et et minima. Aut dolor quis asperiores. Id ut sapiente occaecati rem odit tenetur eum.', 2, '2020-05-31 04:47:30', '2020-05-31 04:47:30'),
(214, 18, 'Giovani Reichel', 'Necessitatibus est ducimus quae nobis est aut. Distinctio ipsum aut vitae dolor dolorem. Omnis a eaque nisi. Nobis iusto hic aut et quidem.', 3, '2020-05-31 04:47:30', '2020-05-31 04:47:30'),
(215, 53, 'Pauline Robel', 'Autem aperiam voluptates sed qui et. In provident adipisci iusto porro illo ex. Voluptatibus labore nulla nesciunt culpa. Rerum eum dolorem corrupti dignissimos.', 3, '2020-05-31 04:47:30', '2020-05-31 04:47:30'),
(216, 78, 'Miss Lora Sauer I', 'Molestiae hic exercitationem at aut non. Exercitationem error totam nulla dolorem. Et laudantium deleniti dicta dolores esse omnis facere cupiditate. Voluptate voluptate ad praesentium error quidem non.', 5, '2020-05-31 04:47:30', '2020-05-31 04:47:30'),
(217, 18, 'Clifford Hammes', 'Sapiente consequuntur similique quis aut eaque. Consequatur facilis exercitationem provident dolorum aperiam. Eos repudiandae ut iste autem.', 3, '2020-05-31 04:47:30', '2020-05-31 04:47:30'),
(218, 71, 'Erica Muller', 'Suscipit nulla eum placeat praesentium. Minima quas molestiae tempore aut fugiat incidunt numquam. Architecto omnis est totam non adipisci.', 0, '2020-05-31 04:47:30', '2020-05-31 04:47:30'),
(219, 35, 'Raymundo Hettinger', 'Vel minus quam impedit impedit dolorem molestiae. Quia tempore perspiciatis quis dolor qui illo non. Et voluptas eaque assumenda occaecati quod ex. Rerum ea temporibus quia et et. Dolores ea vero vitae est eius omnis officia.', 0, '2020-05-31 04:47:30', '2020-05-31 04:47:30'),
(220, 31, 'Ellsworth Sipes Jr.', 'Laboriosam sequi eaque quis soluta assumenda cupiditate. Non corporis voluptatem suscipit in cum placeat. Eligendi aliquam at distinctio suscipit explicabo. Consequatur laboriosam voluptatem voluptatem animi quisquam iste.', 2, '2020-05-31 04:47:30', '2020-05-31 04:47:30'),
(221, 31, 'Eloy Ratke', 'Odio qui soluta sequi non totam molestias. Modi fugit explicabo placeat in. Optio excepturi laboriosam expedita ut ut error soluta. Sed iure ut maiores incidunt.', 1, '2020-05-31 04:47:30', '2020-05-31 04:47:30'),
(222, 30, 'Otha Nitzsche', 'Et laudantium officiis dolorem ratione nihil aperiam. Et minus qui fugiat nihil eligendi temporibus non.', 0, '2020-05-31 04:47:30', '2020-05-31 04:47:30'),
(223, 50, 'Germaine Koch', 'Qui at ducimus aut inventore maiores inventore. Voluptas provident totam qui voluptatibus quos. Rerum minima dolore omnis minima. Excepturi optio deleniti at harum temporibus aut.', 4, '2020-05-31 04:47:30', '2020-05-31 04:47:30'),
(224, 22, 'Adolfo Runolfsson', 'Sed dolores magnam facere quasi. Itaque architecto ipsa pariatur voluptate enim.', 2, '2020-05-31 04:47:31', '2020-05-31 04:47:31'),
(225, 8, 'Malcolm Huel', 'Eaque quae ratione et quis minus sed. Necessitatibus tempora officia cupiditate nemo temporibus qui ratione. Mollitia voluptate modi minima accusamus quisquam. Quidem quas eveniet placeat quaerat non aut dolorem.', 2, '2020-05-31 04:47:31', '2020-05-31 04:47:31'),
(226, 26, 'Kennedi Schaefer V', 'Quo repudiandae ullam nihil et voluptatem et molestiae. Et officia consequatur et.', 2, '2020-05-31 04:47:31', '2020-05-31 04:47:31'),
(227, 43, 'Jeanie Kassulke', 'Doloribus tenetur molestiae suscipit ipsa voluptate. Officia ut vel neque.', 2, '2020-05-31 04:47:31', '2020-05-31 04:47:31'),
(228, 67, 'Karine Nitzsche Jr.', 'Eum aliquid sed dolores facere tenetur. Incidunt officia esse reiciendis necessitatibus ipsa. Maiores itaque maxime illum earum dolor expedita aut.', 2, '2020-05-31 04:47:31', '2020-05-31 04:47:31'),
(229, 72, 'Jayda Crona', 'Veniam temporibus asperiores omnis sint dignissimos. Soluta id eum deserunt sapiente pariatur. Accusantium deleniti recusandae molestiae nihil qui.', 1, '2020-05-31 04:47:31', '2020-05-31 04:47:31'),
(230, 10, 'Ross Mayer', 'Cum illum velit aut. Vel qui eum quia odio dolore dolores aut. Quam mollitia accusamus natus temporibus iure.', 0, '2020-05-31 04:47:31', '2020-05-31 04:47:31'),
(231, 42, 'Mr. Jonathan Emmerich', 'Expedita id explicabo voluptatem est. Temporibus cumque blanditiis et deleniti corporis modi illum. Cum quod nemo officia et saepe quos.', 5, '2020-05-31 04:47:31', '2020-05-31 04:47:31'),
(232, 6, 'Laila Runte', 'Itaque mollitia aut facere minima odio quae qui. Et reprehenderit vel corrupti praesentium exercitationem eveniet. Pariatur magnam distinctio dolor atque voluptatem est. Aut sint rerum repudiandae fugiat.', 2, '2020-05-31 04:47:31', '2020-05-31 04:47:31'),
(233, 14, 'Lenore Ritchie', 'Officia maxime enim beatae est aspernatur perferendis. Est accusantium asperiores qui sed. Ab itaque similique veniam dolor consequatur. Vitae a qui nihil velit. Nam quo id eaque consequatur rem sed rem.', 2, '2020-05-31 04:47:31', '2020-05-31 04:47:31'),
(234, 85, 'Johanna O\'Keefe', 'Consequatur qui voluptas similique voluptas eum voluptas eum. Ipsam voluptatem aliquid minus delectus rerum. Autem saepe excepturi temporibus animi quae praesentium.', 2, '2020-05-31 04:47:31', '2020-05-31 04:47:31'),
(235, 75, 'Rosalinda Mitchell V', 'Est ab ab optio sunt et. Nisi sunt est eligendi beatae nihil est consequuntur. Tempore est iste saepe et in. Eveniet est aperiam nihil nihil enim quod. Repellendus labore quasi ipsam aut provident iure est.', 2, '2020-05-31 04:47:31', '2020-05-31 04:47:31'),
(236, 2, 'Eli Cummings', 'Aut corporis quaerat excepturi sit. Veniam optio vero explicabo omnis exercitationem amet. Et culpa consequatur rerum quos reiciendis doloribus officiis.', 3, '2020-05-31 04:47:31', '2020-05-31 04:47:31'),
(237, 75, 'Miss Betty Stiedemann MD', 'Assumenda reiciendis sed accusantium labore at aut vel. Ut voluptate sequi id.', 2, '2020-05-31 04:47:31', '2020-05-31 04:47:31'),
(238, 68, 'Valentina Simonis DVM', 'Accusantium et repellendus fuga ut modi quod consequatur. Qui ullam odio sit rerum. Praesentium hic voluptas maxime accusamus quibusdam. Sint qui error et et.', 0, '2020-05-31 04:47:31', '2020-05-31 04:47:31'),
(239, 84, 'Jamir Hahn', 'Ullam atque minima fugiat ut et. Ducimus cum nam ipsa. Minus aliquid voluptatem hic ut sit aperiam voluptate quibusdam.', 4, '2020-05-31 04:47:31', '2020-05-31 04:47:31'),
(240, 100, 'Mr. Miguel Gulgowski PhD', 'Velit rerum est perferendis consequuntur impedit rerum. Est ducimus sint sit expedita iure est. Et incidunt quia dignissimos tempore sit quo quia aut. Sit ducimus deleniti dolore animi neque ratione.', 3, '2020-05-31 04:47:31', '2020-05-31 04:47:31'),
(241, 50, 'Maddison Bosco', 'Earum qui non fugit. Voluptatem dolorem tenetur voluptatibus corrupti.', 2, '2020-05-31 04:47:31', '2020-05-31 04:47:31'),
(242, 87, 'Trisha Sauer', 'Tempora quo qui excepturi rerum doloremque accusamus. Ea non quisquam aut doloremque et. Magni doloribus enim animi perferendis deserunt asperiores. Fuga ex tenetur dolorum ut rerum quia.', 0, '2020-05-31 04:47:31', '2020-05-31 04:47:31'),
(243, 54, 'Mrs. Alessandra Turner III', 'Quisquam ut quia sit adipisci neque. Sint excepturi ut molestias alias. Laudantium temporibus laudantium repellendus similique eligendi. Quo ullam earum qui blanditiis eius omnis. Rerum reiciendis quae non ut voluptatum aliquid veritatis.', 1, '2020-05-31 04:47:32', '2020-05-31 04:47:32'),
(244, 54, 'Courtney Durgan', 'Officiis officiis autem labore culpa vel fuga. Dignissimos itaque dolorem cupiditate laboriosam quia ut dolorem.', 3, '2020-05-31 04:47:32', '2020-05-31 04:47:32'),
(245, 65, 'Marlene Fritsch', 'Dolor velit laboriosam molestias ducimus et. Ut facere totam soluta nesciunt.', 3, '2020-05-31 04:47:32', '2020-05-31 04:47:32'),
(246, 95, 'Lonzo Kihn', 'Placeat impedit recusandae sapiente ut eius optio natus sint. Iusto asperiores accusamus voluptatem a et ea sit. Ad maiores quaerat facere.', 0, '2020-05-31 04:47:32', '2020-05-31 04:47:32'),
(247, 28, 'Ms. Letha Reinger DDS', 'Quia perferendis quos voluptatem ut quasi hic rerum. Repellat non quos aliquid eos. Quia rerum totam eligendi similique ut.', 4, '2020-05-31 04:47:32', '2020-05-31 04:47:32'),
(248, 29, 'Junior Predovic', 'Quisquam delectus laudantium ab in quia laborum magnam. Ut quisquam possimus nam explicabo debitis earum enim et.', 3, '2020-05-31 04:47:32', '2020-05-31 04:47:32'),
(249, 3, 'Jabari Goldner Jr.', 'Et beatae et sed reprehenderit minima. Ut quidem repellendus est veritatis. Laboriosam enim ex laborum itaque et. Vel eius quod aliquam voluptas laudantium. Laboriosam qui illum voluptatibus aliquam hic ullam nobis.', 3, '2020-05-31 04:47:32', '2020-05-31 04:47:32'),
(250, 6, 'Buster McKenzie', 'Est facilis autem optio et ducimus quia. Vel pariatur magnam voluptas recusandae voluptatum. Ut sit laudantium fugit voluptatem libero provident assumenda necessitatibus.', 5, '2020-05-31 04:47:32', '2020-05-31 04:47:32'),
(251, 16, 'Hallie McGlynn', 'Accusamus veniam beatae id ut. Mollitia rerum consequatur tempore omnis cupiditate. Et esse nulla animi autem sequi corrupti.', 2, '2020-05-31 04:47:32', '2020-05-31 04:47:32'),
(252, 54, 'Art Schuppe', 'Illo omnis animi nisi id aut et. Dolorem eaque rerum labore quo aliquid quis minima explicabo. Voluptatem et deserunt veniam facere. Quibusdam maiores accusantium consequatur ut nihil quasi et.', 4, '2020-05-31 04:47:32', '2020-05-31 04:47:32'),
(253, 45, 'Marina Olson', 'Qui perspiciatis libero ut quia. Cupiditate earum enim tenetur cupiditate ipsa quos. Nulla assumenda excepturi eos.', 3, '2020-05-31 04:47:32', '2020-05-31 04:47:32'),
(254, 51, 'Brittany Hartmann', 'Dolorem perspiciatis eaque ipsa autem illo non libero nisi. Similique veritatis dolor aut qui voluptas consequatur. Corrupti illo aut aperiam dolores.', 3, '2020-05-31 04:47:32', '2020-05-31 04:47:32'),
(255, 91, 'Dr. Candelario Muller DDS', 'Ex ab dolores pariatur quia autem nisi. Sunt id voluptatem omnis labore vero. Sed ipsum facere voluptatibus qui enim laborum. Harum sunt ut iure officia facere quisquam vitae.', 5, '2020-05-31 04:47:32', '2020-05-31 04:47:32'),
(256, 88, 'Astrid Kshlerin', 'Nihil iste aut quidem corporis nihil voluptatibus. Enim sed omnis deserunt illo quo. Excepturi temporibus eius vitae sunt est quo eum. Et quia qui minima sint.', 2, '2020-05-31 04:47:32', '2020-05-31 04:47:32'),
(257, 44, 'Ms. Kacie Mann III', 'Odio sed sunt facilis minima veniam. Tempore molestiae voluptatem quidem quas repudiandae. Quia fuga cum atque eligendi. Esse debitis voluptas occaecati dolorum consequatur esse rerum.', 4, '2020-05-31 04:47:32', '2020-05-31 04:47:32'),
(258, 82, 'Prof. Kristofer Stehr I', 'Ut eum molestiae et veritatis. Veritatis occaecati perferendis id reiciendis aliquam consequatur et omnis.', 4, '2020-05-31 04:47:32', '2020-05-31 04:47:32'),
(259, 32, 'Ms. Chanelle Konopelski', 'Dolor eius adipisci illo deserunt. Optio ipsam voluptas maiores delectus sunt. Similique aut ex eum ullam quia ut. Debitis sit sint assumenda ut et perferendis.', 4, '2020-05-31 04:47:32', '2020-05-31 04:47:32'),
(260, 60, 'Melvina Wiegand', 'Nostrum ut architecto aut. Omnis rerum sint nisi ea. Nihil aut impedit corrupti culpa doloremque.', 5, '2020-05-31 04:47:32', '2020-05-31 04:47:32'),
(261, 24, 'Brigitte Heidenreich', 'Ex labore similique sed voluptas. Laudantium molestias fuga vero modi.', 3, '2020-05-31 04:47:32', '2020-05-31 04:47:32'),
(262, 82, 'Dr. Garry Mosciski', 'Soluta consequatur vel quam aut voluptatem voluptas. Dolorem at quod ut. Neque et ad non et molestiae.', 2, '2020-05-31 04:47:32', '2020-05-31 04:47:32'),
(263, 86, 'Kari Fahey', 'Eligendi in at dignissimos commodi. Aut est blanditiis sunt ut voluptatem numquam. Sunt eligendi similique omnis sint. Totam reprehenderit ipsum sit magni magni.', 5, '2020-05-31 04:47:32', '2020-05-31 04:47:32'),
(264, 49, 'Wallace Hirthe', 'Aspernatur et voluptatem dolores doloremque sit. Consequatur amet ea dolor rerum dolorem nulla.', 1, '2020-05-31 04:47:32', '2020-05-31 04:47:32'),
(265, 94, 'Darrion Homenick', 'Recusandae velit vel sit vitae doloremque enim aliquam. Nulla recusandae ducimus neque quo in. Vero repellendus et minima dolorum aut quos placeat. Aperiam sit dolorum ea excepturi.', 5, '2020-05-31 04:47:32', '2020-05-31 04:47:32'),
(266, 90, 'Otto Gislason', 'Numquam harum voluptas quae repellendus. Ut ab qui dolor ut. Eius consequatur qui ex fugit. Voluptates impedit quis nostrum voluptate.', 5, '2020-05-31 04:47:32', '2020-05-31 04:47:32'),
(267, 20, 'Cordell Buckridge', 'Maxime culpa cum cum magni sequi eaque. Nostrum at vel libero ut dignissimos sint sunt nesciunt. Dolorem minus aperiam et possimus expedita voluptatem. Officiis omnis et dicta.', 0, '2020-05-31 04:47:32', '2020-05-31 04:47:32'),
(268, 58, 'Eleazar Roberts MD', 'Aut esse illo ut et voluptatem. Harum voluptatem molestiae porro omnis dolores eum repellat. Consequuntur inventore quo quas hic et optio. Dicta blanditiis et fuga consequatur rerum quod reprehenderit.', 3, '2020-05-31 04:47:32', '2020-05-31 04:47:32'),
(269, 46, 'Laurence Bergnaum', 'Enim numquam vero rerum facere. Ab dolores cumque tenetur ut libero. Qui minus dolore suscipit quod quisquam perspiciatis. Molestiae officiis velit asperiores at delectus et corporis.', 3, '2020-05-31 04:47:32', '2020-05-31 04:47:32'),
(270, 16, 'Dr. Dayna Jenkins', 'Et et officia dolor. Eaque aut et veniam quia sit deleniti asperiores. Sequi molestias itaque id fugit. Sint et et iure culpa qui aut deserunt voluptatem. Sed qui ut expedita neque alias sapiente omnis.', 2, '2020-05-31 04:47:32', '2020-05-31 04:47:32'),
(271, 61, 'Mr. Dan Little', 'Vitae ut quia corrupti eius molestiae consequatur quaerat. Corporis sapiente vel similique ab recusandae. Eius enim molestiae non tempore iure.', 0, '2020-05-31 04:47:32', '2020-05-31 04:47:32'),
(272, 95, 'Jany Flatley', 'Qui fuga animi quam nostrum qui. Ut fuga dolores saepe doloribus saepe. Dignissimos exercitationem quia possimus et. Tempora sapiente qui nisi voluptas id.', 2, '2020-05-31 04:47:32', '2020-05-31 04:47:32'),
(273, 70, 'Kristina Schumm', 'Corporis et reiciendis quae. Neque iste temporibus odio aut. Ad excepturi optio cupiditate facere molestiae omnis delectus iste. At doloribus et laborum ut facilis et qui.', 2, '2020-05-31 04:47:32', '2020-05-31 04:47:32'),
(274, 96, 'Roma Roob', 'Qui autem asperiores omnis consequatur corrupti et. Non placeat sunt recusandae iure voluptatum. Libero aliquam nulla quaerat et.', 1, '2020-05-31 04:47:32', '2020-05-31 04:47:32'),
(275, 97, 'Miss Verona Veum III', 'Vel non eveniet voluptates nesciunt perspiciatis consequuntur non consequatur. Cupiditate corrupti laborum reprehenderit eum.', 1, '2020-05-31 04:47:32', '2020-05-31 04:47:32'),
(276, 11, 'Patrick Schuppe', 'Aut animi tenetur quibusdam maiores ullam. Hic dicta porro reprehenderit iusto odit autem officiis. Debitis ipsum amet ut cumque quidem eius nam.', 1, '2020-05-31 04:47:32', '2020-05-31 04:47:32'),
(277, 88, 'Nakia Schaefer MD', 'Harum eos error autem sed. Facilis explicabo tenetur vitae ut. Eveniet similique et eaque ratione ipsa ut officia. Sunt quas quisquam quia tempore vel odio est molestiae.', 5, '2020-05-31 04:47:32', '2020-05-31 04:47:32'),
(278, 2, 'Clovis Heathcote I', 'Est eaque qui vero voluptas. Unde sed velit omnis quas quidem voluptas enim. Voluptatem quibusdam ut similique veritatis. Voluptatibus placeat corporis harum molestiae et officiis.', 2, '2020-05-31 04:47:32', '2020-05-31 04:47:32'),
(279, 34, 'Prof. Deshawn Leannon Jr.', 'Iste qui doloribus optio dolorem ratione tenetur voluptatem eveniet. Modi vel libero dolore enim quia. Dolores dolorem corporis eum officia.', 0, '2020-05-31 04:47:32', '2020-05-31 04:47:32'),
(280, 76, 'Neal Conroy MD', 'Aut incidunt ut impedit sed labore voluptatem. Sit iure esse nulla. Id nostrum quia minus ut dolores dolore recusandae. Provident distinctio doloremque voluptatum omnis qui tempore nesciunt. Est quo labore est voluptatem est et voluptate provident.', 0, '2020-05-31 04:47:32', '2020-05-31 04:47:32'),
(281, 65, 'Savannah Crona DVM', 'Possimus sit quaerat sequi. Impedit error et quibusdam repellat inventore ut eaque vel. Dolores ipsum non possimus nam amet.', 4, '2020-05-31 04:47:32', '2020-05-31 04:47:32'),
(282, 93, 'Alene Johns', 'Consequatur voluptatem et sed. Officiis distinctio cupiditate officiis excepturi et repellat quia natus. Explicabo odit dolor dolores laboriosam qui rerum enim.', 1, '2020-05-31 04:47:32', '2020-05-31 04:47:32'),
(283, 24, 'Nolan Oberbrunner', 'Esse excepturi provident et maxime et a ipsa. Est voluptatum quae nemo. Commodi laudantium esse a non aperiam perspiciatis tempora.', 1, '2020-05-31 04:47:33', '2020-05-31 04:47:33'),
(284, 90, 'Esther Effertz', 'Debitis quod illo ratione sunt. Ad velit porro rerum minima. Et et est nemo non consequatur deleniti cum. Voluptatem dolor eum deleniti eveniet earum eius aut voluptas.', 3, '2020-05-31 04:47:33', '2020-05-31 04:47:33'),
(285, 47, 'Brian Senger', 'Distinctio omnis ipsam maiores voluptatem numquam cumque. Velit eveniet aut velit id neque qui. Sint quisquam nihil nulla qui. Autem id perferendis cumque pariatur qui.', 3, '2020-05-31 04:47:33', '2020-05-31 04:47:33'),
(286, 46, 'Jeanne Rolfson', 'Eos tenetur consequatur corporis numquam officiis alias. Error consequatur eum fugiat optio sunt rerum. Pariatur ut tempora aliquam sint. Ex assumenda aut consequatur qui ut.', 3, '2020-05-31 04:47:33', '2020-05-31 04:47:33'),
(287, 90, 'Mr. Jonathan Nader', 'Rem quia voluptates iusto nihil pariatur. Dignissimos quaerat sint numquam ut doloribus quaerat totam cupiditate. Explicabo itaque repellendus nihil assumenda.', 3, '2020-05-31 04:47:33', '2020-05-31 04:47:33'),
(288, 2, 'Dr. Albin Steuber MD', 'Autem fugiat et architecto earum minus. Provident accusantium sint velit ratione non. Ut ipsum asperiores voluptas debitis blanditiis. Quibusdam praesentium dolor velit voluptatum animi molestiae repudiandae quo.', 0, '2020-05-31 04:47:33', '2020-05-31 04:47:33'),
(289, 56, 'Kameron Wisozk', 'Sed facilis consequuntur placeat et et rerum. Illo ut adipisci harum quod sunt facere pariatur. Sequi accusamus voluptatem soluta qui nostrum illum.', 4, '2020-05-31 04:47:33', '2020-05-31 04:47:33'),
(290, 33, 'Afton Kling', 'Tempora quae ut corporis. Aut velit et eligendi dolores id qui dolorem amet. Odio magni blanditiis nesciunt qui est. Earum est aut nulla facere culpa mollitia. Accusamus quia voluptas consectetur voluptatum recusandae est nesciunt et.', 0, '2020-05-31 04:47:33', '2020-05-31 04:47:33'),
(291, 92, 'Louie Zieme Jr.', 'Architecto nihil voluptatem vitae sint optio. Qui sit voluptas veritatis voluptatibus totam deleniti perspiciatis. Maxime quod dolor quibusdam qui eaque perspiciatis quia et. Ipsa aut ut atque itaque officiis cupiditate tempore.', 5, '2020-05-31 04:47:33', '2020-05-31 04:47:33'),
(292, 15, 'Miss Drew Orn', 'Soluta consequatur quaerat eligendi fugit. Minus consectetur iste vel deserunt excepturi fuga rerum libero. Itaque ut omnis quia delectus dolorem. Dolore fugit qui dolorem dolor non.', 4, '2020-05-31 04:47:33', '2020-05-31 04:47:33'),
(293, 76, 'Carson Pfannerstill DVM', 'Cupiditate mollitia nam autem qui molestias. Qui eveniet provident error sint. Minima debitis voluptas consectetur consequatur optio.', 1, '2020-05-31 04:47:33', '2020-05-31 04:47:33'),
(294, 82, 'Ova Dickens IV', 'Odio non explicabo magnam facere iusto deserunt. Dolores aut sunt pariatur voluptatem et. Libero similique quia soluta sint magni.', 5, '2020-05-31 04:47:33', '2020-05-31 04:47:33'),
(295, 51, 'Tremaine Erdman', 'Fugit quo officiis enim facilis. Qui voluptas sint rerum esse sed et officia. Animi quasi omnis est eaque earum eos. Sint aut pariatur dolor ratione eaque rerum distinctio.', 1, '2020-05-31 04:47:33', '2020-05-31 04:47:33'),
(296, 8, 'Miss Marcelle Emard II', 'Dicta quia atque quia dolor. Esse dolores cum quia sed. Expedita voluptate consequatur est.', 1, '2020-05-31 04:47:33', '2020-05-31 04:47:33'),
(297, 54, 'Earnest Jerde', 'Totam aspernatur dicta similique velit quidem in. Quod sunt placeat libero sed. Hic ex eveniet facilis. Accusamus repellendus voluptas delectus consequuntur magnam sit ducimus.', 1, '2020-05-31 04:47:33', '2020-05-31 04:47:33'),
(298, 71, 'Arch Purdy III', 'Nisi itaque soluta eum aspernatur alias voluptate omnis eaque. Magnam quam dolorem accusamus earum.', 1, '2020-05-31 04:47:33', '2020-05-31 04:47:33'),
(299, 45, 'Samson Tillman', 'Eveniet incidunt perspiciatis voluptas unde voluptatem modi assumenda. Quibusdam ad ut est ipsa vel. Sit aut voluptatem doloribus aut ut culpa eum non. Vel blanditiis maxime ut quam.', 4, '2020-05-31 04:47:33', '2020-05-31 04:47:33'),
(300, 68, 'Tevin Abshire', 'Aut voluptates et enim voluptatem tenetur. Consequatur hic vero repudiandae laboriosam dolor aut voluptas. Sapiente consequatur blanditiis libero inventore ut et omnis.', 2, '2020-05-31 04:47:33', '2020-05-31 04:47:33');

-- --------------------------------------------------------

--
-- Table structure for table `users`
--

CREATE TABLE `users` (
  `id` bigint(20) UNSIGNED NOT NULL,
  `name` varchar(255) COLLATE utf8mb4_unicode_ci NOT NULL,
  `email` varchar(255) COLLATE utf8mb4_unicode_ci NOT NULL,
  `email_verified_at` timestamp NULL DEFAULT NULL,
  `password` varchar(255) COLLATE utf8mb4_unicode_ci NOT NULL,
  `remember_token` varchar(100) COLLATE utf8mb4_unicode_ci DEFAULT NULL,
  `created_at` timestamp NULL DEFAULT NULL,
  `updated_at` timestamp NULL DEFAULT NULL
) ENGINE=InnoDB DEFAULT CHARSET=utf8mb4 COLLATE=utf8mb4_unicode_ci;

--
-- Indexes for dumped tables
--

--
-- Indexes for table `failed_jobs`
--
ALTER TABLE `failed_jobs`
  ADD PRIMARY KEY (`id`);

--
-- Indexes for table `migrations`
--
ALTER TABLE `migrations`
  ADD PRIMARY KEY (`id`);

--
-- Indexes for table `products`
--
ALTER TABLE `products`
  ADD PRIMARY KEY (`id`);

--
-- Indexes for table `reviews`
--
ALTER TABLE `reviews`
  ADD PRIMARY KEY (`id`),
  ADD KEY `reviews_product_id_foreign` (`product_id`);

--
-- Indexes for table `users`
--
ALTER TABLE `users`
  ADD PRIMARY KEY (`id`),
  ADD UNIQUE KEY `users_email_unique` (`email`);

--
-- AUTO_INCREMENT for dumped tables
--

--
-- AUTO_INCREMENT for table `failed_jobs`
--
ALTER TABLE `failed_jobs`
  MODIFY `id` bigint(20) UNSIGNED NOT NULL AUTO_INCREMENT;

--
-- AUTO_INCREMENT for table `migrations`
--
ALTER TABLE `migrations`
  MODIFY `id` int(10) UNSIGNED NOT NULL AUTO_INCREMENT, AUTO_INCREMENT=6;

--
-- AUTO_INCREMENT for table `products`
--
ALTER TABLE `products`
  MODIFY `id` bigint(20) UNSIGNED NOT NULL AUTO_INCREMENT, AUTO_INCREMENT=101;

--
-- AUTO_INCREMENT for table `reviews`
--
ALTER TABLE `reviews`
  MODIFY `id` bigint(20) UNSIGNED NOT NULL AUTO_INCREMENT, AUTO_INCREMENT=301;

--
-- AUTO_INCREMENT for table `users`
--
ALTER TABLE `users`
  MODIFY `id` bigint(20) UNSIGNED NOT NULL AUTO_INCREMENT;

--
-- Constraints for dumped tables
--

--
-- Constraints for table `reviews`
--
ALTER TABLE `reviews`
  ADD CONSTRAINT `reviews_product_id_foreign` FOREIGN KEY (`product_id`) REFERENCES `products` (`id`) ON DELETE CASCADE;
COMMIT;

/*!40101 SET CHARACTER_SET_CLIENT=@OLD_CHARACTER_SET_CLIENT */;
/*!40101 SET CHARACTER_SET_RESULTS=@OLD_CHARACTER_SET_RESULTS */;
/*!40101 SET COLLATION_CONNECTION=@OLD_COLLATION_CONNECTION */;
